<annotation>
	<folder></folder>
	<filename>Abyssinian_169_jpg.rf.0242c5e204c6fcd5528283ddaaf64485.jpg</filename>
	<path>Abyssinian_169_jpg.rf.0242c5e204c6fcd5528283ddaaf64485.jpg</path>
	<source>
		<database>roboflow.ai</database>
	</source>
	<size>
		<width>300</width>
		<height>300</height>
		<depth>3</depth>
	</size>
	<segmented>0</segmented>
	<object>
		<name>cat</name>
		<pose>Unspecified</pose>
		<truncated>0</truncated>
		<difficult>0</difficult>
		<occluded>0</occluded>
		<bndbox>
			<xmin>42</xmin>
			<xmax>255</xmax>
			<ymin>10</ymin>
			<ymax>205</ymax>
		</bndbox>
	</object>
</annotation>
