<annotation>
	<folder></folder>
	<filename>Abyssinian_170_jpg.rf.d699052ee67c75786e51e80ce815e09e.jpg</filename>
	<path>Abyssinian_170_jpg.rf.d699052ee67c75786e51e80ce815e09e.jpg</path>
	<source>
		<database>roboflow.ai</database>
	</source>
	<size>
		<width>1600</width>
		<height>1200</height>
		<depth>3</depth>
	</size>
	<segmented>0</segmented>
	<object>
		<name>cat</name>
		<pose>Unspecified</pose>
		<truncated>0</truncated>
		<difficult>0</difficult>
		<occluded>0</occluded>
		<bndbox>
			<xmin>899</xmin>
			<xmax>1113</xmax>
			<ymin>208</ymin>
			<ymax>457</ymax>
		</bndbox>
	</object>
</annotation>
