<annotation>
	<folder></folder>
	<filename>american_pit_bull_terrier_187_jpg.rf.09f69a3e3be12a9000cdf3a49aed4d13.jpg</filename>
	<path>american_pit_bull_terrier_187_jpg.rf.09f69a3e3be12a9000cdf3a49aed4d13.jpg</path>
	<source>
		<database>roboflow.ai</database>
	</source>
	<size>
		<width>300</width>
		<height>300</height>
		<depth>3</depth>
	</size>
	<segmented>0</segmented>
	<object>
		<name>dog</name>
		<pose>Unspecified</pose>
		<truncated>0</truncated>
		<difficult>0</difficult>
		<occluded>0</occluded>
		<bndbox>
			<xmin>58</xmin>
			<xmax>183</xmax>
			<ymin>17</ymin>
			<ymax>109</ymax>
		</bndbox>
	</object>
</annotation>
