<annotation>
	<folder></folder>
	<filename>american_pit_bull_terrier_15_jpg.rf.ab4427d2cedb3508535f23adff1f7cf5.jpg</filename>
	<path>american_pit_bull_terrier_15_jpg.rf.ab4427d2cedb3508535f23adff1f7cf5.jpg</path>
	<source>
		<database>roboflow.ai</database>
	</source>
	<size>
		<width>375</width>
		<height>500</height>
		<depth>3</depth>
	</size>
	<segmented>0</segmented>
	<object>
		<name>dog</name>
		<pose>Unspecified</pose>
		<truncated>0</truncated>
		<difficult>0</difficult>
		<occluded>0</occluded>
		<bndbox>
			<xmin>148</xmin>
			<xmax>266</xmax>
			<ymin>101</ymin>
			<ymax>226</ymax>
		</bndbox>
	</object>
</annotation>
