<annotation>
	<folder></folder>
	<filename>american_pit_bull_terrier_164_jpg.rf.420b74356fe6428c46e7248c8829cb05.jpg</filename>
	<path>american_pit_bull_terrier_164_jpg.rf.420b74356fe6428c46e7248c8829cb05.jpg</path>
	<source>
		<database>roboflow.ai</database>
	</source>
	<size>
		<width>225</width>
		<height>300</height>
		<depth>3</depth>
	</size>
	<segmented>0</segmented>
	<object>
		<name>dog</name>
		<pose>Unspecified</pose>
		<truncated>0</truncated>
		<difficult>0</difficult>
		<occluded>0</occluded>
		<bndbox>
			<xmin>83</xmin>
			<xmax>214</xmax>
			<ymin>35</ymin>
			<ymax>196</ymax>
		</bndbox>
	</object>
</annotation>
