<annotation>
	<folder></folder>
	<filename>american_pit_bull_terrier_10_jpg.rf.9ee7c6f52ceadb3e846550b8e630c269.jpg</filename>
	<path>american_pit_bull_terrier_10_jpg.rf.9ee7c6f52ceadb3e846550b8e630c269.jpg</path>
	<source>
		<database>roboflow.ai</database>
	</source>
	<size>
		<width>500</width>
		<height>368</height>
		<depth>3</depth>
	</size>
	<segmented>0</segmented>
	<object>
		<name>dog</name>
		<pose>Unspecified</pose>
		<truncated>0</truncated>
		<difficult>0</difficult>
		<occluded>0</occluded>
		<bndbox>
			<xmin>307</xmin>
			<xmax>409</xmax>
			<ymin>80</ymin>
			<ymax>157</ymax>
		</bndbox>
	</object>
</annotation>
