<annotation>
	<folder></folder>
	<filename>basset_hound_163_jpg.rf.02ebd91eb819947fe410fc37da9136b5.jpg</filename>
	<path>basset_hound_163_jpg.rf.02ebd91eb819947fe410fc37da9136b5.jpg</path>
	<source>
		<database>roboflow.ai</database>
	</source>
	<size>
		<width>500</width>
		<height>333</height>
		<depth>3</depth>
	</size>
	<segmented>0</segmented>
	<object>
		<name>dog</name>
		<pose>Unspecified</pose>
		<truncated>0</truncated>
		<difficult>0</difficult>
		<occluded>0</occluded>
		<bndbox>
			<xmin>172</xmin>
			<xmax>342</xmax>
			<ymin>64</ymin>
			<ymax>229</ymax>
		</bndbox>
	</object>
</annotation>
