<annotation>
	<folder></folder>
	<filename>basset_hound_150_jpg.rf.80749eb12d4c22412f919247f7c6789d.jpg</filename>
	<path>basset_hound_150_jpg.rf.80749eb12d4c22412f919247f7c6789d.jpg</path>
	<source>
		<database>roboflow.ai</database>
	</source>
	<size>
		<width>500</width>
		<height>333</height>
		<depth>3</depth>
	</size>
	<segmented>0</segmented>
	<object>
		<name>dog</name>
		<pose>Unspecified</pose>
		<truncated>0</truncated>
		<difficult>0</difficult>
		<occluded>0</occluded>
		<bndbox>
			<xmin>89</xmin>
			<xmax>437</xmax>
			<ymin>1</ymin>
			<ymax>307</ymax>
		</bndbox>
	</object>
</annotation>
