<annotation>
	<folder></folder>
	<filename>basset_hound_162_jpg.rf.f2d66e4bb9c3380a6ac226602450d5ba.jpg</filename>
	<path>basset_hound_162_jpg.rf.f2d66e4bb9c3380a6ac226602450d5ba.jpg</path>
	<source>
		<database>roboflow.ai</database>
	</source>
	<size>
		<width>500</width>
		<height>333</height>
		<depth>3</depth>
	</size>
	<segmented>0</segmented>
	<object>
		<name>dog</name>
		<pose>Unspecified</pose>
		<truncated>0</truncated>
		<difficult>0</difficult>
		<occluded>0</occluded>
		<bndbox>
			<xmin>181</xmin>
			<xmax>347</xmax>
			<ymin>6</ymin>
			<ymax>153</ymax>
		</bndbox>
	</object>
</annotation>
