<annotation>
	<folder></folder>
	<filename>beagle_15_jpg.rf.850663134037f0aaa61c996b867a9855.jpg</filename>
	<path>beagle_15_jpg.rf.850663134037f0aaa61c996b867a9855.jpg</path>
	<source>
		<database>roboflow.ai</database>
	</source>
	<size>
		<width>500</width>
		<height>334</height>
		<depth>3</depth>
	</size>
	<segmented>0</segmented>
	<object>
		<name>dog</name>
		<pose>Unspecified</pose>
		<truncated>0</truncated>
		<difficult>0</difficult>
		<occluded>0</occluded>
		<bndbox>
			<xmin>169</xmin>
			<xmax>282</xmax>
			<ymin>124</ymin>
			<ymax>214</ymax>
		</bndbox>
	</object>
</annotation>
