<annotation>
	<folder></folder>
	<filename>beagle_101_jpg.rf.22a7a6e1f0a95ca942b0d5565ed710ed.jpg</filename>
	<path>beagle_101_jpg.rf.22a7a6e1f0a95ca942b0d5565ed710ed.jpg</path>
	<source>
		<database>roboflow.ai</database>
	</source>
	<size>
		<width>500</width>
		<height>334</height>
		<depth>3</depth>
	</size>
	<segmented>0</segmented>
	<object>
		<name>dog</name>
		<pose>Unspecified</pose>
		<truncated>0</truncated>
		<difficult>0</difficult>
		<occluded>0</occluded>
		<bndbox>
			<xmin>187</xmin>
			<xmax>319</xmax>
			<ymin>64</ymin>
			<ymax>178</ymax>
		</bndbox>
	</object>
</annotation>
