<annotation>
	<folder></folder>
	<filename>Bengal_138_jpg.rf.86158752001b46120190b1df7273d6b7.jpg</filename>
	<path>Bengal_138_jpg.rf.86158752001b46120190b1df7273d6b7.jpg</path>
	<source>
		<database>roboflow.ai</database>
	</source>
	<size>
		<width>300</width>
		<height>297</height>
		<depth>3</depth>
	</size>
	<segmented>0</segmented>
	<object>
		<name>cat</name>
		<pose>Unspecified</pose>
		<truncated>0</truncated>
		<difficult>0</difficult>
		<occluded>0</occluded>
		<bndbox>
			<xmin>47</xmin>
			<xmax>222</xmax>
			<ymin>1</ymin>
			<ymax>191</ymax>
		</bndbox>
	</object>
</annotation>
