<annotation>
	<folder></folder>
	<filename>Bengal_130_jpg.rf.803e7ca5753833dc90dd68540ef9054f.jpg</filename>
	<path>Bengal_130_jpg.rf.803e7ca5753833dc90dd68540ef9054f.jpg</path>
	<source>
		<database>roboflow.ai</database>
	</source>
	<size>
		<width>500</width>
		<height>375</height>
		<depth>3</depth>
	</size>
	<segmented>0</segmented>
	<object>
		<name>cat</name>
		<pose>Unspecified</pose>
		<truncated>0</truncated>
		<difficult>0</difficult>
		<occluded>0</occluded>
		<bndbox>
			<xmin>350</xmin>
			<xmax>473</xmax>
			<ymin>37</ymin>
			<ymax>164</ymax>
		</bndbox>
	</object>
</annotation>
