<annotation>
	<folder></folder>
	<filename>Bengal_170_jpg.rf.9bd7ccd5bada1677dafecbda6400908f.jpg</filename>
	<path>Bengal_170_jpg.rf.9bd7ccd5bada1677dafecbda6400908f.jpg</path>
	<source>
		<database>roboflow.ai</database>
	</source>
	<size>
		<width>225</width>
		<height>300</height>
		<depth>3</depth>
	</size>
	<segmented>0</segmented>
	<object>
		<name>cat</name>
		<pose>Unspecified</pose>
		<truncated>0</truncated>
		<difficult>0</difficult>
		<occluded>0</occluded>
		<bndbox>
			<xmin>114</xmin>
			<xmax>175</xmax>
			<ymin>42</ymin>
			<ymax>107</ymax>
		</bndbox>
	</object>
</annotation>
