<annotation>
	<folder></folder>
	<filename>Birman_139_jpg.rf.a6674cfe5390191ce7683525d1ae859f.jpg</filename>
	<path>Birman_139_jpg.rf.a6674cfe5390191ce7683525d1ae859f.jpg</path>
	<source>
		<database>roboflow.ai</database>
	</source>
	<size>
		<width>362</width>
		<height>500</height>
		<depth>3</depth>
	</size>
	<segmented>0</segmented>
	<object>
		<name>cat</name>
		<pose>Unspecified</pose>
		<truncated>0</truncated>
		<difficult>0</difficult>
		<occluded>0</occluded>
		<bndbox>
			<xmin>84</xmin>
			<xmax>242</xmax>
			<ymin>1</ymin>
			<ymax>182</ymax>
		</bndbox>
	</object>
</annotation>
