<annotation>
	<folder></folder>
	<filename>Birman_152_jpg.rf.976d9f8132ba2cafdf980a6e4d8cca94.jpg</filename>
	<path>Birman_152_jpg.rf.976d9f8132ba2cafdf980a6e4d8cca94.jpg</path>
	<source>
		<database>roboflow.ai</database>
	</source>
	<size>
		<width>500</width>
		<height>339</height>
		<depth>3</depth>
	</size>
	<segmented>0</segmented>
	<object>
		<name>cat</name>
		<pose>Unspecified</pose>
		<truncated>0</truncated>
		<difficult>0</difficult>
		<occluded>0</occluded>
		<bndbox>
			<xmin>113</xmin>
			<xmax>371</xmax>
			<ymin>39</ymin>
			<ymax>267</ymax>
		</bndbox>
	</object>
</annotation>
