<annotation>
	<folder></folder>
	<filename>Birman_171_jpg.rf.5a9b7389ff583901f227bc6f7afb194c.jpg</filename>
	<path>Birman_171_jpg.rf.5a9b7389ff583901f227bc6f7afb194c.jpg</path>
	<source>
		<database>roboflow.ai</database>
	</source>
	<size>
		<width>400</width>
		<height>500</height>
		<depth>3</depth>
	</size>
	<segmented>0</segmented>
	<object>
		<name>cat</name>
		<pose>Unspecified</pose>
		<truncated>0</truncated>
		<difficult>0</difficult>
		<occluded>0</occluded>
		<bndbox>
			<xmin>107</xmin>
			<xmax>279</xmax>
			<ymin>30</ymin>
			<ymax>203</ymax>
		</bndbox>
	</object>
</annotation>
