<annotation>
	<folder></folder>
	<filename>Birman_104_jpg.rf.5cb9da324eebe282973e106dced941e7.jpg</filename>
	<path>Birman_104_jpg.rf.5cb9da324eebe282973e106dced941e7.jpg</path>
	<source>
		<database>roboflow.ai</database>
	</source>
	<size>
		<width>357</width>
		<height>500</height>
		<depth>3</depth>
	</size>
	<segmented>0</segmented>
	<object>
		<name>cat</name>
		<pose>Unspecified</pose>
		<truncated>0</truncated>
		<difficult>0</difficult>
		<occluded>0</occluded>
		<bndbox>
			<xmin>138</xmin>
			<xmax>225</xmax>
			<ymin>73</ymin>
			<ymax>176</ymax>
		</bndbox>
	</object>
</annotation>
