<annotation>
	<folder></folder>
	<filename>Birman_164_jpg.rf.14c3cfb73afd968e610e80a16715b351.jpg</filename>
	<path>Birman_164_jpg.rf.14c3cfb73afd968e610e80a16715b351.jpg</path>
	<source>
		<database>roboflow.ai</database>
	</source>
	<size>
		<width>352</width>
		<height>319</height>
		<depth>3</depth>
	</size>
	<segmented>0</segmented>
	<object>
		<name>cat</name>
		<pose>Unspecified</pose>
		<truncated>0</truncated>
		<difficult>0</difficult>
		<occluded>0</occluded>
		<bndbox>
			<xmin>45</xmin>
			<xmax>315</xmax>
			<ymin>10</ymin>
			<ymax>309</ymax>
		</bndbox>
	</object>
</annotation>
