<annotation>
	<folder></folder>
	<filename>Bombay_103_jpg.rf.fda9255bb1a7f86539f59a4d3edfb52c.jpg</filename>
	<path>Bombay_103_jpg.rf.fda9255bb1a7f86539f59a4d3edfb52c.jpg</path>
	<source>
		<database>roboflow.ai</database>
	</source>
	<size>
		<width>114</width>
		<height>143</height>
		<depth>3</depth>
	</size>
	<segmented>0</segmented>
	<object>
		<name>cat</name>
		<pose>Unspecified</pose>
		<truncated>0</truncated>
		<difficult>0</difficult>
		<occluded>0</occluded>
		<bndbox>
			<xmin>60</xmin>
			<xmax>109</xmax>
			<ymin>2</ymin>
			<ymax>54</ymax>
		</bndbox>
	</object>
</annotation>
