<annotation>
	<folder></folder>
	<filename>Bombay_148_jpg.rf.92ba88fc8081b33e833af84c0b16fbb1.jpg</filename>
	<path>Bombay_148_jpg.rf.92ba88fc8081b33e833af84c0b16fbb1.jpg</path>
	<source>
		<database>roboflow.ai</database>
	</source>
	<size>
		<width>500</width>
		<height>375</height>
		<depth>3</depth>
	</size>
	<segmented>0</segmented>
	<object>
		<name>cat</name>
		<pose>Unspecified</pose>
		<truncated>0</truncated>
		<difficult>0</difficult>
		<occluded>0</occluded>
		<bndbox>
			<xmin>351</xmin>
			<xmax>436</xmax>
			<ymin>49</ymin>
			<ymax>141</ymax>
		</bndbox>
	</object>
</annotation>
