<annotation>
	<folder></folder>
	<filename>Bombay_101_jpg.rf.72d2687436b4c5d0a5f5c54a7d7d5b60.jpg</filename>
	<path>Bombay_101_jpg.rf.72d2687436b4c5d0a5f5c54a7d7d5b60.jpg</path>
	<source>
		<database>roboflow.ai</database>
	</source>
	<size>
		<width>450</width>
		<height>320</height>
		<depth>3</depth>
	</size>
	<segmented>0</segmented>
	<object>
		<name>cat</name>
		<pose>Unspecified</pose>
		<truncated>0</truncated>
		<difficult>0</difficult>
		<occluded>0</occluded>
		<bndbox>
			<xmin>179</xmin>
			<xmax>317</xmax>
			<ymin>8</ymin>
			<ymax>150</ymax>
		</bndbox>
	</object>
</annotation>
