<annotation>
	<folder></folder>
	<filename>boxer_167_jpg.rf.c734d0e7c3d6a7fceb3980a51e6009fa.jpg</filename>
	<path>boxer_167_jpg.rf.c734d0e7c3d6a7fceb3980a51e6009fa.jpg</path>
	<source>
		<database>roboflow.ai</database>
	</source>
	<size>
		<width>500</width>
		<height>328</height>
		<depth>3</depth>
	</size>
	<segmented>0</segmented>
	<object>
		<name>dog</name>
		<pose>Unspecified</pose>
		<truncated>0</truncated>
		<difficult>0</difficult>
		<occluded>0</occluded>
		<bndbox>
			<xmin>37</xmin>
			<xmax>286</xmax>
			<ymin>26</ymin>
			<ymax>292</ymax>
		</bndbox>
	</object>
</annotation>
