<annotation>
	<folder></folder>
	<filename>boxer_158_jpg.rf.dbe841efc78d61b773d4b7c0d0afeba3.jpg</filename>
	<path>boxer_158_jpg.rf.dbe841efc78d61b773d4b7c0d0afeba3.jpg</path>
	<source>
		<database>roboflow.ai</database>
	</source>
	<size>
		<width>333</width>
		<height>500</height>
		<depth>3</depth>
	</size>
	<segmented>0</segmented>
	<object>
		<name>dog</name>
		<pose>Unspecified</pose>
		<truncated>0</truncated>
		<difficult>0</difficult>
		<occluded>0</occluded>
		<bndbox>
			<xmin>1</xmin>
			<xmax>333</xmax>
			<ymin>31</ymin>
			<ymax>486</ymax>
		</bndbox>
	</object>
</annotation>
