<annotation>
	<folder></folder>
	<filename>boxer_133_jpg.rf.c95ee9dc2aeb5e7608f3efb44ee37856.jpg</filename>
	<path>boxer_133_jpg.rf.c95ee9dc2aeb5e7608f3efb44ee37856.jpg</path>
	<source>
		<database>roboflow.ai</database>
	</source>
	<size>
		<width>500</width>
		<height>368</height>
		<depth>3</depth>
	</size>
	<segmented>0</segmented>
	<object>
		<name>dog</name>
		<pose>Unspecified</pose>
		<truncated>0</truncated>
		<difficult>0</difficult>
		<occluded>0</occluded>
		<bndbox>
			<xmin>102</xmin>
			<xmax>344</xmax>
			<ymin>104</ymin>
			<ymax>278</ymax>
		</bndbox>
	</object>
</annotation>
