<annotation>
	<folder></folder>
	<filename>boxer_155_jpg.rf.8d4b04f46fa304e31702c8ec583e29db.jpg</filename>
	<path>boxer_155_jpg.rf.8d4b04f46fa304e31702c8ec583e29db.jpg</path>
	<source>
		<database>roboflow.ai</database>
	</source>
	<size>
		<width>500</width>
		<height>333</height>
		<depth>3</depth>
	</size>
	<segmented>0</segmented>
	<object>
		<name>dog</name>
		<pose>Unspecified</pose>
		<truncated>0</truncated>
		<difficult>0</difficult>
		<occluded>0</occluded>
		<bndbox>
			<xmin>4</xmin>
			<xmax>307</xmax>
			<ymin>1</ymin>
			<ymax>267</ymax>
		</bndbox>
	</object>
</annotation>
