<annotation>
	<folder></folder>
	<filename>British_Shorthair_114_jpg.rf.c8e833466182d908577d877a000c5305.jpg</filename>
	<path>British_Shorthair_114_jpg.rf.c8e833466182d908577d877a000c5305.jpg</path>
	<source>
		<database>roboflow.ai</database>
	</source>
	<size>
		<width>328</width>
		<height>500</height>
		<depth>3</depth>
	</size>
	<segmented>0</segmented>
	<object>
		<name>cat</name>
		<pose>Unspecified</pose>
		<truncated>0</truncated>
		<difficult>0</difficult>
		<occluded>0</occluded>
		<bndbox>
			<xmin>70</xmin>
			<xmax>324</xmax>
			<ymin>77</ymin>
			<ymax>319</ymax>
		</bndbox>
	</object>
</annotation>
