<annotation>
	<folder></folder>
	<filename>British_Shorthair_133_jpg.rf.d19d489374acc3a91ce4ebee52dc22ff.jpg</filename>
	<path>British_Shorthair_133_jpg.rf.d19d489374acc3a91ce4ebee52dc22ff.jpg</path>
	<source>
		<database>roboflow.ai</database>
	</source>
	<size>
		<width>500</width>
		<height>335</height>
		<depth>3</depth>
	</size>
	<segmented>0</segmented>
	<object>
		<name>cat</name>
		<pose>Unspecified</pose>
		<truncated>0</truncated>
		<difficult>0</difficult>
		<occluded>0</occluded>
		<bndbox>
			<xmin>148</xmin>
			<xmax>373</xmax>
			<ymin>1</ymin>
			<ymax>215</ymax>
		</bndbox>
	</object>
</annotation>
