<annotation>
	<folder></folder>
	<filename>British_Shorthair_182_jpg.rf.17254adb2692a0b68cb2196dd60fdd33.jpg</filename>
	<path>British_Shorthair_182_jpg.rf.17254adb2692a0b68cb2196dd60fdd33.jpg</path>
	<source>
		<database>roboflow.ai</database>
	</source>
	<size>
		<width>427</width>
		<height>500</height>
		<depth>3</depth>
	</size>
	<segmented>0</segmented>
	<object>
		<name>cat</name>
		<pose>Unspecified</pose>
		<truncated>0</truncated>
		<difficult>0</difficult>
		<occluded>0</occluded>
		<bndbox>
			<xmin>71</xmin>
			<xmax>357</xmax>
			<ymin>58</ymin>
			<ymax>305</ymax>
		</bndbox>
	</object>
</annotation>
