<annotation>
	<folder></folder>
	<filename>British_Shorthair_113_jpg.rf.8dce780c78596461fe6ad11b0029fd1f.jpg</filename>
	<path>British_Shorthair_113_jpg.rf.8dce780c78596461fe6ad11b0029fd1f.jpg</path>
	<source>
		<database>roboflow.ai</database>
	</source>
	<size>
		<width>457</width>
		<height>500</height>
		<depth>3</depth>
	</size>
	<segmented>0</segmented>
	<object>
		<name>cat</name>
		<pose>Unspecified</pose>
		<truncated>0</truncated>
		<difficult>0</difficult>
		<occluded>0</occluded>
		<bndbox>
			<xmin>223</xmin>
			<xmax>322</xmax>
			<ymin>179</ymin>
			<ymax>284</ymax>
		</bndbox>
	</object>
</annotation>
