<annotation>
	<folder></folder>
	<filename>chihuahua_177_jpg.rf.0405d15e9b88f2c41f7092b2edc1fb17.jpg</filename>
	<path>chihuahua_177_jpg.rf.0405d15e9b88f2c41f7092b2edc1fb17.jpg</path>
	<source>
		<database>roboflow.ai</database>
	</source>
	<size>
		<width>300</width>
		<height>225</height>
		<depth>3</depth>
	</size>
	<segmented>0</segmented>
	<object>
		<name>dog</name>
		<pose>Unspecified</pose>
		<truncated>0</truncated>
		<difficult>0</difficult>
		<occluded>0</occluded>
		<bndbox>
			<xmin>137</xmin>
			<xmax>219</xmax>
			<ymin>26</ymin>
			<ymax>111</ymax>
		</bndbox>
	</object>
</annotation>
