<annotation>
	<folder></folder>
	<filename>chihuahua_13_jpg.rf.b21e9f3b31a5c6476b2db3ff64174f13.jpg</filename>
	<path>chihuahua_13_jpg.rf.b21e9f3b31a5c6476b2db3ff64174f13.jpg</path>
	<source>
		<database>roboflow.ai</database>
	</source>
	<size>
		<width>480</width>
		<height>500</height>
		<depth>3</depth>
	</size>
	<segmented>0</segmented>
	<object>
		<name>dog</name>
		<pose>Unspecified</pose>
		<truncated>0</truncated>
		<difficult>0</difficult>
		<occluded>0</occluded>
		<bndbox>
			<xmin>81</xmin>
			<xmax>293</xmax>
			<ymin>39</ymin>
			<ymax>240</ymax>
		</bndbox>
	</object>
</annotation>
