<annotation>
	<folder></folder>
	<filename>chihuahua_187_jpg.rf.f87250e0b10c0a081b2230f1a22d7fe3.jpg</filename>
	<path>chihuahua_187_jpg.rf.f87250e0b10c0a081b2230f1a22d7fe3.jpg</path>
	<source>
		<database>roboflow.ai</database>
	</source>
	<size>
		<width>200</width>
		<height>300</height>
		<depth>3</depth>
	</size>
	<segmented>0</segmented>
	<object>
		<name>dog</name>
		<pose>Unspecified</pose>
		<truncated>0</truncated>
		<difficult>0</difficult>
		<occluded>0</occluded>
		<bndbox>
			<xmin>12</xmin>
			<xmax>185</xmax>
			<ymin>12</ymin>
			<ymax>158</ymax>
		</bndbox>
	</object>
</annotation>
