<annotation>
	<folder></folder>
	<filename>chihuahua_182_jpg.rf.0218b2b2de629a1b1dc9b0cb7ef3ad03.jpg</filename>
	<path>chihuahua_182_jpg.rf.0218b2b2de629a1b1dc9b0cb7ef3ad03.jpg</path>
	<source>
		<database>roboflow.ai</database>
	</source>
	<size>
		<width>300</width>
		<height>224</height>
		<depth>3</depth>
	</size>
	<segmented>0</segmented>
	<object>
		<name>dog</name>
		<pose>Unspecified</pose>
		<truncated>0</truncated>
		<difficult>0</difficult>
		<occluded>0</occluded>
		<bndbox>
			<xmin>61</xmin>
			<xmax>144</xmax>
			<ymin>9</ymin>
			<ymax>82</ymax>
		</bndbox>
	</object>
</annotation>
