<annotation>
	<folder></folder>
	<filename>Egyptian_Mau_174_jpg.rf.bc0d833b004ad4cc27533cd65b339e5c.jpg</filename>
	<path>Egyptian_Mau_174_jpg.rf.bc0d833b004ad4cc27533cd65b339e5c.jpg</path>
	<source>
		<database>roboflow.ai</database>
	</source>
	<size>
		<width>525</width>
		<height>700</height>
		<depth>3</depth>
	</size>
	<segmented>0</segmented>
	<object>
		<name>cat</name>
		<pose>Unspecified</pose>
		<truncated>0</truncated>
		<difficult>0</difficult>
		<occluded>0</occluded>
		<bndbox>
			<xmin>128</xmin>
			<xmax>237</xmax>
			<ymin>157</ymin>
			<ymax>268</ymax>
		</bndbox>
	</object>
</annotation>
