<annotation>
	<folder></folder>
	<filename>Egyptian_Mau_194_jpg.rf.b22e8ef903c4bfdd4d5e58ad5256ecd6.jpg</filename>
	<path>Egyptian_Mau_194_jpg.rf.b22e8ef903c4bfdd4d5e58ad5256ecd6.jpg</path>
	<source>
		<database>roboflow.ai</database>
	</source>
	<size>
		<width>400</width>
		<height>290</height>
		<depth>3</depth>
	</size>
	<segmented>0</segmented>
	<object>
		<name>cat</name>
		<pose>Unspecified</pose>
		<truncated>0</truncated>
		<difficult>0</difficult>
		<occluded>0</occluded>
		<bndbox>
			<xmin>141</xmin>
			<xmax>216</xmax>
			<ymin>54</ymin>
			<ymax>130</ymax>
		</bndbox>
	</object>
</annotation>
