<annotation>
	<folder></folder>
	<filename>Egyptian_Mau_120_jpg.rf.c0bf068e9960de35084112a16924dfe6.jpg</filename>
	<path>Egyptian_Mau_120_jpg.rf.c0bf068e9960de35084112a16924dfe6.jpg</path>
	<source>
		<database>roboflow.ai</database>
	</source>
	<size>
		<width>1024</width>
		<height>768</height>
		<depth>3</depth>
	</size>
	<segmented>0</segmented>
	<object>
		<name>cat</name>
		<pose>Unspecified</pose>
		<truncated>0</truncated>
		<difficult>0</difficult>
		<occluded>0</occluded>
		<bndbox>
			<xmin>679</xmin>
			<xmax>871</xmax>
			<ymin>27</ymin>
			<ymax>240</ymax>
		</bndbox>
	</object>
</annotation>
