<annotation>
	<folder></folder>
	<filename>Egyptian_Mau_164_jpg.rf.8926ed97284a4291519b90b387c564d8.jpg</filename>
	<path>Egyptian_Mau_164_jpg.rf.8926ed97284a4291519b90b387c564d8.jpg</path>
	<source>
		<database>roboflow.ai</database>
	</source>
	<size>
		<width>448</width>
		<height>336</height>
		<depth>3</depth>
	</size>
	<segmented>0</segmented>
	<object>
		<name>cat</name>
		<pose>Unspecified</pose>
		<truncated>0</truncated>
		<difficult>0</difficult>
		<occluded>0</occluded>
		<bndbox>
			<xmin>288</xmin>
			<xmax>400</xmax>
			<ymin>35</ymin>
			<ymax>146</ymax>
		</bndbox>
	</object>
</annotation>
