<annotation>
	<folder></folder>
	<filename>english_cocker_spaniel_159_jpg.rf.8b77e320c78fefac2541fb07394ed69d.jpg</filename>
	<path>english_cocker_spaniel_159_jpg.rf.8b77e320c78fefac2541fb07394ed69d.jpg</path>
	<source>
		<database>roboflow.ai</database>
	</source>
	<size>
		<width>330</width>
		<height>500</height>
		<depth>3</depth>
	</size>
	<segmented>0</segmented>
	<object>
		<name>dog</name>
		<pose>Unspecified</pose>
		<truncated>0</truncated>
		<difficult>0</difficult>
		<occluded>0</occluded>
		<bndbox>
			<xmin>106</xmin>
			<xmax>284</xmax>
			<ymin>48</ymin>
			<ymax>248</ymax>
		</bndbox>
	</object>
</annotation>
