<annotation>
	<folder></folder>
	<filename>english_setter_133_jpg.rf.70a8db59a8f72a60395b3584bd5672ca.jpg</filename>
	<path>english_setter_133_jpg.rf.70a8db59a8f72a60395b3584bd5672ca.jpg</path>
	<source>
		<database>roboflow.ai</database>
	</source>
	<size>
		<width>500</width>
		<height>375</height>
		<depth>3</depth>
	</size>
	<segmented>0</segmented>
	<object>
		<name>dog</name>
		<pose>Unspecified</pose>
		<truncated>0</truncated>
		<difficult>0</difficult>
		<occluded>0</occluded>
		<bndbox>
			<xmin>210</xmin>
			<xmax>293</xmax>
			<ymin>105</ymin>
			<ymax>177</ymax>
		</bndbox>
	</object>
</annotation>
