<annotation>
	<folder></folder>
	<filename>english_setter_118_jpg.rf.94dc5abf5696d2932ee69d7fc49c2570.jpg</filename>
	<path>english_setter_118_jpg.rf.94dc5abf5696d2932ee69d7fc49c2570.jpg</path>
	<source>
		<database>roboflow.ai</database>
	</source>
	<size>
		<width>500</width>
		<height>333</height>
		<depth>3</depth>
	</size>
	<segmented>0</segmented>
	<object>
		<name>dog</name>
		<pose>Unspecified</pose>
		<truncated>0</truncated>
		<difficult>0</difficult>
		<occluded>0</occluded>
		<bndbox>
			<xmin>197</xmin>
			<xmax>263</xmax>
			<ymin>82</ymin>
			<ymax>134</ymax>
		</bndbox>
	</object>
</annotation>
