<annotation>
	<folder></folder>
	<filename>english_setter_150_jpg.rf.719df43fbeca393497cc4f12248cc61d.jpg</filename>
	<path>english_setter_150_jpg.rf.719df43fbeca393497cc4f12248cc61d.jpg</path>
	<source>
		<database>roboflow.ai</database>
	</source>
	<size>
		<width>334</width>
		<height>500</height>
		<depth>3</depth>
	</size>
	<segmented>0</segmented>
	<object>
		<name>dog</name>
		<pose>Unspecified</pose>
		<truncated>0</truncated>
		<difficult>0</difficult>
		<occluded>0</occluded>
		<bndbox>
			<xmin>69</xmin>
			<xmax>259</xmax>
			<ymin>43</ymin>
			<ymax>204</ymax>
		</bndbox>
	</object>
</annotation>
