<annotation>
	<folder></folder>
	<filename>german_shorthaired_116_jpg.rf.7e0b6e8f350ea2c7db6fc65d6ce4adbe.jpg</filename>
	<path>german_shorthaired_116_jpg.rf.7e0b6e8f350ea2c7db6fc65d6ce4adbe.jpg</path>
	<source>
		<database>roboflow.ai</database>
	</source>
	<size>
		<width>500</width>
		<height>375</height>
		<depth>3</depth>
	</size>
	<segmented>0</segmented>
	<object>
		<name>dog</name>
		<pose>Unspecified</pose>
		<truncated>0</truncated>
		<difficult>0</difficult>
		<occluded>0</occluded>
		<bndbox>
			<xmin>196</xmin>
			<xmax>358</xmax>
			<ymin>92</ymin>
			<ymax>212</ymax>
		</bndbox>
	</object>
</annotation>
