<annotation>
	<folder></folder>
	<filename>german_shorthaired_157_jpg.rf.159241a54fdb5d95b99f8b70aab5bee2.jpg</filename>
	<path>german_shorthaired_157_jpg.rf.159241a54fdb5d95b99f8b70aab5bee2.jpg</path>
	<source>
		<database>roboflow.ai</database>
	</source>
	<size>
		<width>333</width>
		<height>500</height>
		<depth>3</depth>
	</size>
	<segmented>0</segmented>
	<object>
		<name>dog</name>
		<pose>Unspecified</pose>
		<truncated>0</truncated>
		<difficult>0</difficult>
		<occluded>0</occluded>
		<bndbox>
			<xmin>34</xmin>
			<xmax>268</xmax>
			<ymin>27</ymin>
			<ymax>230</ymax>
		</bndbox>
	</object>
</annotation>
