<annotation>
	<folder></folder>
	<filename>great_pyrenees_131_jpg.rf.b284ff1c5427cba4994f9f0cb76fb1e0.jpg</filename>
	<path>great_pyrenees_131_jpg.rf.b284ff1c5427cba4994f9f0cb76fb1e0.jpg</path>
	<source>
		<database>roboflow.ai</database>
	</source>
	<size>
		<width>500</width>
		<height>405</height>
		<depth>3</depth>
	</size>
	<segmented>0</segmented>
	<object>
		<name>dog</name>
		<pose>Unspecified</pose>
		<truncated>0</truncated>
		<difficult>0</difficult>
		<occluded>0</occluded>
		<bndbox>
			<xmin>127</xmin>
			<xmax>277</xmax>
			<ymin>26</ymin>
			<ymax>191</ymax>
		</bndbox>
	</object>
</annotation>
