<annotation>
	<folder></folder>
	<filename>great_pyrenees_164_jpg.rf.9466422bf753f153cee82ac584b9b716.jpg</filename>
	<path>great_pyrenees_164_jpg.rf.9466422bf753f153cee82ac584b9b716.jpg</path>
	<source>
		<database>roboflow.ai</database>
	</source>
	<size>
		<width>375</width>
		<height>500</height>
		<depth>3</depth>
	</size>
	<segmented>0</segmented>
	<object>
		<name>dog</name>
		<pose>Unspecified</pose>
		<truncated>0</truncated>
		<difficult>0</difficult>
		<occluded>0</occluded>
		<bndbox>
			<xmin>104</xmin>
			<xmax>273</xmax>
			<ymin>49</ymin>
			<ymax>209</ymax>
		</bndbox>
	</object>
</annotation>
