<annotation>
	<folder></folder>
	<filename>havanese_187_jpg.rf.89076865cdcfec22ac74dc706e9a4cde.jpg</filename>
	<path>havanese_187_jpg.rf.89076865cdcfec22ac74dc706e9a4cde.jpg</path>
	<source>
		<database>roboflow.ai</database>
	</source>
	<size>
		<width>375</width>
		<height>500</height>
		<depth>3</depth>
	</size>
	<segmented>0</segmented>
	<object>
		<name>dog</name>
		<pose>Unspecified</pose>
		<truncated>0</truncated>
		<difficult>0</difficult>
		<occluded>0</occluded>
		<bndbox>
			<xmin>51</xmin>
			<xmax>296</xmax>
			<ymin>35</ymin>
			<ymax>261</ymax>
		</bndbox>
	</object>
</annotation>
