<annotation>
	<folder></folder>
	<filename>havanese_172_jpg.rf.56e69ff8150271620e4ea2eb314288f8.jpg</filename>
	<path>havanese_172_jpg.rf.56e69ff8150271620e4ea2eb314288f8.jpg</path>
	<source>
		<database>roboflow.ai</database>
	</source>
	<size>
		<width>375</width>
		<height>500</height>
		<depth>3</depth>
	</size>
	<segmented>0</segmented>
	<object>
		<name>dog</name>
		<pose>Unspecified</pose>
		<truncated>0</truncated>
		<difficult>0</difficult>
		<occluded>0</occluded>
		<bndbox>
			<xmin>114</xmin>
			<xmax>233</xmax>
			<ymin>112</ymin>
			<ymax>223</ymax>
		</bndbox>
	</object>
</annotation>
