<annotation>
	<folder></folder>
	<filename>keeshond_177_jpg.rf.6e1636f5f5596bc43f532cb803025991.jpg</filename>
	<path>keeshond_177_jpg.rf.6e1636f5f5596bc43f532cb803025991.jpg</path>
	<source>
		<database>roboflow.ai</database>
	</source>
	<size>
		<width>375</width>
		<height>500</height>
		<depth>3</depth>
	</size>
	<segmented>0</segmented>
	<object>
		<name>dog</name>
		<pose>Unspecified</pose>
		<truncated>0</truncated>
		<difficult>0</difficult>
		<occluded>0</occluded>
		<bndbox>
			<xmin>140</xmin>
			<xmax>253</xmax>
			<ymin>101</ymin>
			<ymax>211</ymax>
		</bndbox>
	</object>
</annotation>
