<annotation>
	<folder></folder>
	<filename>leonberger_166_jpg.rf.06cba51a62c9fd5e46925b6c64d46e61.jpg</filename>
	<path>leonberger_166_jpg.rf.06cba51a62c9fd5e46925b6c64d46e61.jpg</path>
	<source>
		<database>roboflow.ai</database>
	</source>
	<size>
		<width>500</width>
		<height>362</height>
		<depth>3</depth>
	</size>
	<segmented>0</segmented>
	<object>
		<name>dog</name>
		<pose>Unspecified</pose>
		<truncated>0</truncated>
		<difficult>0</difficult>
		<occluded>0</occluded>
		<bndbox>
			<xmin>41</xmin>
			<xmax>241</xmax>
			<ymin>22</ymin>
			<ymax>217</ymax>
		</bndbox>
	</object>
</annotation>
