<annotation>
	<folder></folder>
	<filename>leonberger_128_jpg.rf.9e3a232f2f532776697f49e95ca017a2.jpg</filename>
	<path>leonberger_128_jpg.rf.9e3a232f2f532776697f49e95ca017a2.jpg</path>
	<source>
		<database>roboflow.ai</database>
	</source>
	<size>
		<width>427</width>
		<height>500</height>
		<depth>3</depth>
	</size>
	<segmented>0</segmented>
	<object>
		<name>dog</name>
		<pose>Unspecified</pose>
		<truncated>0</truncated>
		<difficult>0</difficult>
		<occluded>0</occluded>
		<bndbox>
			<xmin>118</xmin>
			<xmax>332</xmax>
			<ymin>315</ymin>
			<ymax>474</ymax>
		</bndbox>
	</object>
</annotation>
