<annotation>
	<folder></folder>
	<filename>leonberger_125_jpg.rf.581504f87f8aac0fc7e59f3d99ce23d6.jpg</filename>
	<path>leonberger_125_jpg.rf.581504f87f8aac0fc7e59f3d99ce23d6.jpg</path>
	<source>
		<database>roboflow.ai</database>
	</source>
	<size>
		<width>500</width>
		<height>426</height>
		<depth>3</depth>
	</size>
	<segmented>0</segmented>
	<object>
		<name>dog</name>
		<pose>Unspecified</pose>
		<truncated>0</truncated>
		<difficult>0</difficult>
		<occluded>0</occluded>
		<bndbox>
			<xmin>20</xmin>
			<xmax>141</xmax>
			<ymin>32</ymin>
			<ymax>122</ymax>
		</bndbox>
	</object>
</annotation>
