<annotation>
	<folder></folder>
	<filename>leonberger_188_jpg.rf.d6eaaca1fee5e987bec6d83ae685c2b3.jpg</filename>
	<path>leonberger_188_jpg.rf.d6eaaca1fee5e987bec6d83ae685c2b3.jpg</path>
	<source>
		<database>roboflow.ai</database>
	</source>
	<size>
		<width>500</width>
		<height>474</height>
		<depth>3</depth>
	</size>
	<segmented>0</segmented>
	<object>
		<name>dog</name>
		<pose>Unspecified</pose>
		<truncated>0</truncated>
		<difficult>0</difficult>
		<occluded>0</occluded>
		<bndbox>
			<xmin>67</xmin>
			<xmax>460</xmax>
			<ymin>31</ymin>
			<ymax>376</ymax>
		</bndbox>
	</object>
</annotation>
