<annotation>
	<folder></folder>
	<filename>Maine_Coon_194_jpg.rf.aa7794e07c5f608f20563cc5a6d292b4.jpg</filename>
	<path>Maine_Coon_194_jpg.rf.aa7794e07c5f608f20563cc5a6d292b4.jpg</path>
	<source>
		<database>roboflow.ai</database>
	</source>
	<size>
		<width>375</width>
		<height>500</height>
		<depth>3</depth>
	</size>
	<segmented>0</segmented>
	<object>
		<name>cat</name>
		<pose>Unspecified</pose>
		<truncated>0</truncated>
		<difficult>0</difficult>
		<occluded>0</occluded>
		<bndbox>
			<xmin>110</xmin>
			<xmax>235</xmax>
			<ymin>58</ymin>
			<ymax>193</ymax>
		</bndbox>
	</object>
</annotation>
