<annotation>
	<folder></folder>
	<filename>Maine_Coon_147_jpg.rf.e64919918730587cf816875e517d55e0.jpg</filename>
	<path>Maine_Coon_147_jpg.rf.e64919918730587cf816875e517d55e0.jpg</path>
	<source>
		<database>roboflow.ai</database>
	</source>
	<size>
		<width>500</width>
		<height>333</height>
		<depth>3</depth>
	</size>
	<segmented>0</segmented>
	<object>
		<name>cat</name>
		<pose>Unspecified</pose>
		<truncated>0</truncated>
		<difficult>0</difficult>
		<occluded>0</occluded>
		<bndbox>
			<xmin>291</xmin>
			<xmax>367</xmax>
			<ymin>51</ymin>
			<ymax>133</ymax>
		</bndbox>
	</object>
</annotation>
