<annotation>
	<folder></folder>
	<filename>Maine_Coon_138_jpg.rf.c5bc27ec41ebef71884d4c95499cb2fe.jpg</filename>
	<path>Maine_Coon_138_jpg.rf.c5bc27ec41ebef71884d4c95499cb2fe.jpg</path>
	<source>
		<database>roboflow.ai</database>
	</source>
	<size>
		<width>334</width>
		<height>500</height>
		<depth>3</depth>
	</size>
	<segmented>0</segmented>
	<object>
		<name>cat</name>
		<pose>Unspecified</pose>
		<truncated>0</truncated>
		<difficult>0</difficult>
		<occluded>0</occluded>
		<bndbox>
			<xmin>62</xmin>
			<xmax>228</xmax>
			<ymin>186</ymin>
			<ymax>365</ymax>
		</bndbox>
	</object>
</annotation>
