<annotation>
	<folder></folder>
	<filename>Maine_Coon_187_jpg.rf.7d5c9ed0329d455266ad1ed385efa7f2.jpg</filename>
	<path>Maine_Coon_187_jpg.rf.7d5c9ed0329d455266ad1ed385efa7f2.jpg</path>
	<source>
		<database>roboflow.ai</database>
	</source>
	<size>
		<width>375</width>
		<height>500</height>
		<depth>3</depth>
	</size>
	<segmented>0</segmented>
	<object>
		<name>cat</name>
		<pose>Unspecified</pose>
		<truncated>0</truncated>
		<difficult>0</difficult>
		<occluded>0</occluded>
		<bndbox>
			<xmin>139</xmin>
			<xmax>275</xmax>
			<ymin>95</ymin>
			<ymax>241</ymax>
		</bndbox>
	</object>
</annotation>
