<annotation>
	<folder></folder>
	<filename>Maine_Coon_141_jpg.rf.66e3f7bbaa161ce652ccfba84c8a2123.jpg</filename>
	<path>Maine_Coon_141_jpg.rf.66e3f7bbaa161ce652ccfba84c8a2123.jpg</path>
	<source>
		<database>roboflow.ai</database>
	</source>
	<size>
		<width>500</width>
		<height>375</height>
		<depth>3</depth>
	</size>
	<segmented>0</segmented>
	<object>
		<name>cat</name>
		<pose>Unspecified</pose>
		<truncated>0</truncated>
		<difficult>0</difficult>
		<occluded>0</occluded>
		<bndbox>
			<xmin>282</xmin>
			<xmax>374</xmax>
			<ymin>40</ymin>
			<ymax>131</ymax>
		</bndbox>
	</object>
</annotation>
