<annotation>
	<folder></folder>
	<filename>miniature_pinscher_111_jpg.rf.9c17a66869ad0acb4570514a3f5b0f0e.jpg</filename>
	<path>miniature_pinscher_111_jpg.rf.9c17a66869ad0acb4570514a3f5b0f0e.jpg</path>
	<source>
		<database>roboflow.ai</database>
	</source>
	<size>
		<width>341</width>
		<height>320</height>
		<depth>3</depth>
	</size>
	<segmented>0</segmented>
	<object>
		<name>dog</name>
		<pose>Unspecified</pose>
		<truncated>0</truncated>
		<difficult>0</difficult>
		<occluded>0</occluded>
		<bndbox>
			<xmin>95</xmin>
			<xmax>240</xmax>
			<ymin>6</ymin>
			<ymax>166</ymax>
		</bndbox>
	</object>
</annotation>
