<annotation>
	<folder></folder>
	<filename>miniature_pinscher_16_jpg.rf.c9dc3734f60c8b6ec15f340c1ef5037c.jpg</filename>
	<path>miniature_pinscher_16_jpg.rf.c9dc3734f60c8b6ec15f340c1ef5037c.jpg</path>
	<source>
		<database>roboflow.ai</database>
	</source>
	<size>
		<width>333</width>
		<height>500</height>
		<depth>3</depth>
	</size>
	<segmented>0</segmented>
	<object>
		<name>dog</name>
		<pose>Unspecified</pose>
		<truncated>0</truncated>
		<difficult>0</difficult>
		<occluded>0</occluded>
		<bndbox>
			<xmin>132</xmin>
			<xmax>237</xmax>
			<ymin>197</ymin>
			<ymax>283</ymax>
		</bndbox>
	</object>
</annotation>
