<annotation>
	<folder></folder>
	<filename>newfoundland_122_jpg.rf.a70dc3064d03e34d56744d1f10c5ea31.jpg</filename>
	<path>newfoundland_122_jpg.rf.a70dc3064d03e34d56744d1f10c5ea31.jpg</path>
	<source>
		<database>roboflow.ai</database>
	</source>
	<size>
		<width>500</width>
		<height>400</height>
		<depth>3</depth>
	</size>
	<segmented>0</segmented>
	<object>
		<name>dog</name>
		<pose>Unspecified</pose>
		<truncated>0</truncated>
		<difficult>0</difficult>
		<occluded>0</occluded>
		<bndbox>
			<xmin>147</xmin>
			<xmax>277</xmax>
			<ymin>49</ymin>
			<ymax>181</ymax>
		</bndbox>
	</object>
</annotation>
