<annotation>
	<folder></folder>
	<filename>Persian_196_jpg.rf.63653b21ad54c218a20026bec3bf1026.jpg</filename>
	<path>Persian_196_jpg.rf.63653b21ad54c218a20026bec3bf1026.jpg</path>
	<source>
		<database>roboflow.ai</database>
	</source>
	<size>
		<width>500</width>
		<height>350</height>
		<depth>3</depth>
	</size>
	<segmented>0</segmented>
	<object>
		<name>cat</name>
		<pose>Unspecified</pose>
		<truncated>0</truncated>
		<difficult>0</difficult>
		<occluded>0</occluded>
		<bndbox>
			<xmin>50</xmin>
			<xmax>302</xmax>
			<ymin>1</ymin>
			<ymax>228</ymax>
		</bndbox>
	</object>
</annotation>
