<annotation>
	<folder></folder>
	<filename>Persian_10_jpg.rf.680849489e3ec89abc9b9a78f27decbc.jpg</filename>
	<path>Persian_10_jpg.rf.680849489e3ec89abc9b9a78f27decbc.jpg</path>
	<source>
		<database>roboflow.ai</database>
	</source>
	<size>
		<width>375</width>
		<height>500</height>
		<depth>3</depth>
	</size>
	<segmented>0</segmented>
	<object>
		<name>cat</name>
		<pose>Unspecified</pose>
		<truncated>0</truncated>
		<difficult>0</difficult>
		<occluded>0</occluded>
		<bndbox>
			<xmin>1</xmin>
			<xmax>375</xmax>
			<ymin>4</ymin>
			<ymax>321</ymax>
		</bndbox>
	</object>
</annotation>
