<annotation>
	<folder></folder>
	<filename>Persian_102_jpg.rf.b41379b1eed249d89e99ab29c12c9e9f.jpg</filename>
	<path>Persian_102_jpg.rf.b41379b1eed249d89e99ab29c12c9e9f.jpg</path>
	<source>
		<database>roboflow.ai</database>
	</source>
	<size>
		<width>376</width>
		<height>500</height>
		<depth>3</depth>
	</size>
	<segmented>0</segmented>
	<object>
		<name>cat</name>
		<pose>Unspecified</pose>
		<truncated>0</truncated>
		<difficult>0</difficult>
		<occluded>0</occluded>
		<bndbox>
			<xmin>3</xmin>
			<xmax>282</xmax>
			<ymin>16</ymin>
			<ymax>307</ymax>
		</bndbox>
	</object>
</annotation>
