<annotation>
	<folder></folder>
	<filename>pomeranian_182_jpg.rf.883ae6b336c304ac57ae3f090da1e041.jpg</filename>
	<path>pomeranian_182_jpg.rf.883ae6b336c304ac57ae3f090da1e041.jpg</path>
	<source>
		<database>roboflow.ai</database>
	</source>
	<size>
		<width>250</width>
		<height>276</height>
		<depth>3</depth>
	</size>
	<segmented>0</segmented>
	<object>
		<name>dog</name>
		<pose>Unspecified</pose>
		<truncated>0</truncated>
		<difficult>0</difficult>
		<occluded>0</occluded>
		<bndbox>
			<xmin>61</xmin>
			<xmax>225</xmax>
			<ymin>11</ymin>
			<ymax>198</ymax>
		</bndbox>
	</object>
</annotation>
