<annotation>
	<folder></folder>
	<filename>pomeranian_104_jpg.rf.4925fd5411376ea64022275bd80398ff.jpg</filename>
	<path>pomeranian_104_jpg.rf.4925fd5411376ea64022275bd80398ff.jpg</path>
	<source>
		<database>roboflow.ai</database>
	</source>
	<size>
		<width>500</width>
		<height>375</height>
		<depth>3</depth>
	</size>
	<segmented>0</segmented>
	<object>
		<name>dog</name>
		<pose>Unspecified</pose>
		<truncated>0</truncated>
		<difficult>0</difficult>
		<occluded>0</occluded>
		<bndbox>
			<xmin>129</xmin>
			<xmax>267</xmax>
			<ymin>68</ymin>
			<ymax>209</ymax>
		</bndbox>
	</object>
</annotation>
