<annotation>
	<folder></folder>
	<filename>pomeranian_126_jpg.rf.5612d083cbffc9d4e63b5c204ddc5a11.jpg</filename>
	<path>pomeranian_126_jpg.rf.5612d083cbffc9d4e63b5c204ddc5a11.jpg</path>
	<source>
		<database>roboflow.ai</database>
	</source>
	<size>
		<width>300</width>
		<height>225</height>
		<depth>3</depth>
	</size>
	<segmented>0</segmented>
	<object>
		<name>dog</name>
		<pose>Unspecified</pose>
		<truncated>0</truncated>
		<difficult>0</difficult>
		<occluded>0</occluded>
		<bndbox>
			<xmin>109</xmin>
			<xmax>169</xmax>
			<ymin>53</ymin>
			<ymax>126</ymax>
		</bndbox>
	</object>
</annotation>
