<annotation>
	<folder></folder>
	<filename>pug_168_jpg.rf.a9e9ac98606b9df4df2c2be29117cc0e.jpg</filename>
	<path>pug_168_jpg.rf.a9e9ac98606b9df4df2c2be29117cc0e.jpg</path>
	<source>
		<database>roboflow.ai</database>
	</source>
	<size>
		<width>225</width>
		<height>300</height>
		<depth>3</depth>
	</size>
	<segmented>0</segmented>
	<object>
		<name>dog</name>
		<pose>Unspecified</pose>
		<truncated>0</truncated>
		<difficult>0</difficult>
		<occluded>0</occluded>
		<bndbox>
			<xmin>43</xmin>
			<xmax>225</xmax>
			<ymin>13</ymin>
			<ymax>172</ymax>
		</bndbox>
	</object>
</annotation>
