<annotation>
	<folder></folder>
	<filename>Ragdoll_151_jpg.rf.00d575ace4d7f22610176f2711adea85.jpg</filename>
	<path>Ragdoll_151_jpg.rf.00d575ace4d7f22610176f2711adea85.jpg</path>
	<source>
		<database>roboflow.ai</database>
	</source>
	<size>
		<width>404</width>
		<height>500</height>
		<depth>3</depth>
	</size>
	<segmented>0</segmented>
	<object>
		<name>cat</name>
		<pose>Unspecified</pose>
		<truncated>0</truncated>
		<difficult>0</difficult>
		<occluded>0</occluded>
		<bndbox>
			<xmin>194</xmin>
			<xmax>263</xmax>
			<ymin>59</ymin>
			<ymax>135</ymax>
		</bndbox>
	</object>
</annotation>
