<annotation>
	<folder></folder>
	<filename>Ragdoll_128_jpg.rf.09d731e16971df2ebef1d26f4b33b703.jpg</filename>
	<path>Ragdoll_128_jpg.rf.09d731e16971df2ebef1d26f4b33b703.jpg</path>
	<source>
		<database>roboflow.ai</database>
	</source>
	<size>
		<width>500</width>
		<height>333</height>
		<depth>3</depth>
	</size>
	<segmented>0</segmented>
	<object>
		<name>cat</name>
		<pose>Unspecified</pose>
		<truncated>0</truncated>
		<difficult>0</difficult>
		<occluded>0</occluded>
		<bndbox>
			<xmin>120</xmin>
			<xmax>441</xmax>
			<ymin>1</ymin>
			<ymax>280</ymax>
		</bndbox>
	</object>
</annotation>
