<annotation>
	<folder></folder>
	<filename>Ragdoll_130_jpg.rf.af257940827d99121565f0b8d7b311f0.jpg</filename>
	<path>Ragdoll_130_jpg.rf.af257940827d99121565f0b8d7b311f0.jpg</path>
	<source>
		<database>roboflow.ai</database>
	</source>
	<size>
		<width>500</width>
		<height>335</height>
		<depth>3</depth>
	</size>
	<segmented>0</segmented>
	<object>
		<name>cat</name>
		<pose>Unspecified</pose>
		<truncated>0</truncated>
		<difficult>0</difficult>
		<occluded>0</occluded>
		<bndbox>
			<xmin>212</xmin>
			<xmax>308</xmax>
			<ymin>41</ymin>
			<ymax>142</ymax>
		</bndbox>
	</object>
</annotation>
