<annotation>
	<folder></folder>
	<filename>Russian_Blue_178_jpg.rf.4d5940d7f436c46c5fc828a10dc732a0.jpg</filename>
	<path>Russian_Blue_178_jpg.rf.4d5940d7f436c46c5fc828a10dc732a0.jpg</path>
	<source>
		<database>roboflow.ai</database>
	</source>
	<size>
		<width>375</width>
		<height>500</height>
		<depth>3</depth>
	</size>
	<segmented>0</segmented>
	<object>
		<name>cat</name>
		<pose>Unspecified</pose>
		<truncated>0</truncated>
		<difficult>0</difficult>
		<occluded>0</occluded>
		<bndbox>
			<xmin>170</xmin>
			<xmax>329</xmax>
			<ymin>25</ymin>
			<ymax>196</ymax>
		</bndbox>
	</object>
</annotation>
