<annotation>
	<folder></folder>
	<filename>Russian_Blue_188_jpg.rf.4cf76fd927020d41031aa121327062b6.jpg</filename>
	<path>Russian_Blue_188_jpg.rf.4cf76fd927020d41031aa121327062b6.jpg</path>
	<source>
		<database>roboflow.ai</database>
	</source>
	<size>
		<width>500</width>
		<height>335</height>
		<depth>3</depth>
	</size>
	<segmented>0</segmented>
	<object>
		<name>cat</name>
		<pose>Unspecified</pose>
		<truncated>0</truncated>
		<difficult>0</difficult>
		<occluded>0</occluded>
		<bndbox>
			<xmin>128</xmin>
			<xmax>186</xmax>
			<ymin>103</ymin>
			<ymax>170</ymax>
		</bndbox>
	</object>
</annotation>
