<annotation>
	<folder></folder>
	<filename>Russian_Blue_101_jpg.rf.e872ba1ed043c5869fa9e1699c3c7550.jpg</filename>
	<path>Russian_Blue_101_jpg.rf.e872ba1ed043c5869fa9e1699c3c7550.jpg</path>
	<source>
		<database>roboflow.ai</database>
	</source>
	<size>
		<width>500</width>
		<height>400</height>
		<depth>3</depth>
	</size>
	<segmented>0</segmented>
	<object>
		<name>cat</name>
		<pose>Unspecified</pose>
		<truncated>0</truncated>
		<difficult>0</difficult>
		<occluded>0</occluded>
		<bndbox>
			<xmin>44</xmin>
			<xmax>181</xmax>
			<ymin>21</ymin>
			<ymax>159</ymax>
		</bndbox>
	</object>
</annotation>
