<annotation>
	<folder></folder>
	<filename>saint_bernard_107_jpg.rf.fa9f2a5235eb8341e700926fa2ea78f1.jpg</filename>
	<path>saint_bernard_107_jpg.rf.fa9f2a5235eb8341e700926fa2ea78f1.jpg</path>
	<source>
		<database>roboflow.ai</database>
	</source>
	<size>
		<width>500</width>
		<height>332</height>
		<depth>3</depth>
	</size>
	<segmented>0</segmented>
	<object>
		<name>dog</name>
		<pose>Unspecified</pose>
		<truncated>0</truncated>
		<difficult>0</difficult>
		<occluded>0</occluded>
		<bndbox>
			<xmin>189</xmin>
			<xmax>311</xmax>
			<ymin>42</ymin>
			<ymax>155</ymax>
		</bndbox>
	</object>
</annotation>
