<annotation>
	<folder></folder>
	<filename>saint_bernard_168_jpg.rf.be26cf5d5e44e589c4f4fd2d41e4d575.jpg</filename>
	<path>saint_bernard_168_jpg.rf.be26cf5d5e44e589c4f4fd2d41e4d575.jpg</path>
	<source>
		<database>roboflow.ai</database>
	</source>
	<size>
		<width>375</width>
		<height>500</height>
		<depth>3</depth>
	</size>
	<segmented>0</segmented>
	<object>
		<name>dog</name>
		<pose>Unspecified</pose>
		<truncated>0</truncated>
		<difficult>0</difficult>
		<occluded>0</occluded>
		<bndbox>
			<xmin>34</xmin>
			<xmax>287</xmax>
			<ymin>57</ymin>
			<ymax>314</ymax>
		</bndbox>
	</object>
</annotation>
