<annotation>
	<folder></folder>
	<filename>saint_bernard_108_jpg.rf.2800a2af9e533c90d589ab7d8072e669.jpg</filename>
	<path>saint_bernard_108_jpg.rf.2800a2af9e533c90d589ab7d8072e669.jpg</path>
	<source>
		<database>roboflow.ai</database>
	</source>
	<size>
		<width>500</width>
		<height>333</height>
		<depth>3</depth>
	</size>
	<segmented>0</segmented>
	<object>
		<name>dog</name>
		<pose>Unspecified</pose>
		<truncated>0</truncated>
		<difficult>0</difficult>
		<occluded>0</occluded>
		<bndbox>
			<xmin>220</xmin>
			<xmax>316</xmax>
			<ymin>90</ymin>
			<ymax>178</ymax>
		</bndbox>
	</object>
</annotation>
