<annotation>
	<folder></folder>
	<filename>samoyed_125_jpg.rf.17a64fde4e4544788fe79190c3216d91.jpg</filename>
	<path>samoyed_125_jpg.rf.17a64fde4e4544788fe79190c3216d91.jpg</path>
	<source>
		<database>roboflow.ai</database>
	</source>
	<size>
		<width>500</width>
		<height>476</height>
		<depth>3</depth>
	</size>
	<segmented>0</segmented>
	<object>
		<name>dog</name>
		<pose>Unspecified</pose>
		<truncated>0</truncated>
		<difficult>0</difficult>
		<occluded>0</occluded>
		<bndbox>
			<xmin>56</xmin>
			<xmax>344</xmax>
			<ymin>40</ymin>
			<ymax>368</ymax>
		</bndbox>
	</object>
</annotation>
