<annotation>
	<folder></folder>
	<filename>samoyed_113_jpg.rf.c6d952b251dd3981c8ca57693fb26304.jpg</filename>
	<path>samoyed_113_jpg.rf.c6d952b251dd3981c8ca57693fb26304.jpg</path>
	<source>
		<database>roboflow.ai</database>
	</source>
	<size>
		<width>500</width>
		<height>375</height>
		<depth>3</depth>
	</size>
	<segmented>0</segmented>
	<object>
		<name>dog</name>
		<pose>Unspecified</pose>
		<truncated>0</truncated>
		<difficult>0</difficult>
		<occluded>0</occluded>
		<bndbox>
			<xmin>222</xmin>
			<xmax>302</xmax>
			<ymin>74</ymin>
			<ymax>186</ymax>
		</bndbox>
	</object>
</annotation>
