<annotation>
	<folder></folder>
	<filename>samoyed_175_jpg.rf.123f29239c84c02ecdb367aeb1254169.jpg</filename>
	<path>samoyed_175_jpg.rf.123f29239c84c02ecdb367aeb1254169.jpg</path>
	<source>
		<database>roboflow.ai</database>
	</source>
	<size>
		<width>500</width>
		<height>334</height>
		<depth>3</depth>
	</size>
	<segmented>0</segmented>
	<object>
		<name>dog</name>
		<pose>Unspecified</pose>
		<truncated>0</truncated>
		<difficult>0</difficult>
		<occluded>0</occluded>
		<bndbox>
			<xmin>215</xmin>
			<xmax>287</xmax>
			<ymin>70</ymin>
			<ymax>186</ymax>
		</bndbox>
	</object>
</annotation>
