<annotation>
	<folder></folder>
	<filename>scottish_terrier_106_jpg.rf.6bf6e3f1afe10778caaa95aff835c353.jpg</filename>
	<path>scottish_terrier_106_jpg.rf.6bf6e3f1afe10778caaa95aff835c353.jpg</path>
	<source>
		<database>roboflow.ai</database>
	</source>
	<size>
		<width>332</width>
		<height>442</height>
		<depth>3</depth>
	</size>
	<segmented>0</segmented>
	<object>
		<name>dog</name>
		<pose>Unspecified</pose>
		<truncated>0</truncated>
		<difficult>0</difficult>
		<occluded>0</occluded>
		<bndbox>
			<xmin>165</xmin>
			<xmax>301</xmax>
			<ymin>1</ymin>
			<ymax>165</ymax>
		</bndbox>
	</object>
</annotation>
