<annotation>
	<folder></folder>
	<filename>Siamese_151_jpg.rf.4234dbe94b3f4000eb7cb59a2678395c.jpg</filename>
	<path>Siamese_151_jpg.rf.4234dbe94b3f4000eb7cb59a2678395c.jpg</path>
	<source>
		<database>roboflow.ai</database>
	</source>
	<size>
		<width>333</width>
		<height>500</height>
		<depth>3</depth>
	</size>
	<segmented>0</segmented>
	<object>
		<name>cat</name>
		<pose>Unspecified</pose>
		<truncated>0</truncated>
		<difficult>0</difficult>
		<occluded>0</occluded>
		<bndbox>
			<xmin>1</xmin>
			<xmax>333</xmax>
			<ymin>1</ymin>
			<ymax>344</ymax>
		</bndbox>
	</object>
</annotation>
