<annotation>
	<folder></folder>
	<filename>Siamese_202_jpg.rf.64ab8746b5af76a39cd4677c51c64e92.jpg</filename>
	<path>Siamese_202_jpg.rf.64ab8746b5af76a39cd4677c51c64e92.jpg</path>
	<source>
		<database>roboflow.ai</database>
	</source>
	<size>
		<width>451</width>
		<height>500</height>
		<depth>3</depth>
	</size>
	<segmented>0</segmented>
	<object>
		<name>cat</name>
		<pose>Unspecified</pose>
		<truncated>0</truncated>
		<difficult>0</difficult>
		<occluded>0</occluded>
		<bndbox>
			<xmin>62</xmin>
			<xmax>387</xmax>
			<ymin>13</ymin>
			<ymax>399</ymax>
		</bndbox>
	</object>
</annotation>
