<annotation>
	<folder></folder>
	<filename>Sphynx_122_jpg.rf.6dc62885943df18218e292d09abae733.jpg</filename>
	<path>Sphynx_122_jpg.rf.6dc62885943df18218e292d09abae733.jpg</path>
	<source>
		<database>roboflow.ai</database>
	</source>
	<size>
		<width>375</width>
		<height>500</height>
		<depth>3</depth>
	</size>
	<segmented>0</segmented>
	<object>
		<name>cat</name>
		<pose>Unspecified</pose>
		<truncated>0</truncated>
		<difficult>0</difficult>
		<occluded>0</occluded>
		<bndbox>
			<xmin>141</xmin>
			<xmax>374</xmax>
			<ymin>5</ymin>
			<ymax>228</ymax>
		</bndbox>
	</object>
</annotation>
