<annotation>
	<folder></folder>
	<filename>Sphynx_124_jpg.rf.845efdf7c2e3bd76dad742335539b3b6.jpg</filename>
	<path>Sphynx_124_jpg.rf.845efdf7c2e3bd76dad742335539b3b6.jpg</path>
	<source>
		<database>roboflow.ai</database>
	</source>
	<size>
		<width>500</width>
		<height>375</height>
		<depth>3</depth>
	</size>
	<segmented>0</segmented>
	<object>
		<name>cat</name>
		<pose>Unspecified</pose>
		<truncated>0</truncated>
		<difficult>0</difficult>
		<occluded>0</occluded>
		<bndbox>
			<xmin>33</xmin>
			<xmax>298</xmax>
			<ymin>29</ymin>
			<ymax>299</ymax>
		</bndbox>
	</object>
</annotation>
