<annotation>
	<folder></folder>
	<filename>staffordshire_bull_terrier_170_jpg.rf.577e38eeafa666add50c4ca74bedc4fd.jpg</filename>
	<path>staffordshire_bull_terrier_170_jpg.rf.577e38eeafa666add50c4ca74bedc4fd.jpg</path>
	<source>
		<database>roboflow.ai</database>
	</source>
	<size>
		<width>500</width>
		<height>375</height>
		<depth>3</depth>
	</size>
	<segmented>0</segmented>
	<object>
		<name>dog</name>
		<pose>Unspecified</pose>
		<truncated>0</truncated>
		<difficult>0</difficult>
		<occluded>0</occluded>
		<bndbox>
			<xmin>182</xmin>
			<xmax>383</xmax>
			<ymin>123</ymin>
			<ymax>294</ymax>
		</bndbox>
	</object>
</annotation>
