<annotation>
	<folder></folder>
	<filename>staffordshire_bull_terrier_166_jpg.rf.b057416c76eda32f3ac481a461c006e2.jpg</filename>
	<path>staffordshire_bull_terrier_166_jpg.rf.b057416c76eda32f3ac481a461c006e2.jpg</path>
	<source>
		<database>roboflow.ai</database>
	</source>
	<size>
		<width>333</width>
		<height>500</height>
		<depth>3</depth>
	</size>
	<segmented>0</segmented>
	<object>
		<name>dog</name>
		<pose>Unspecified</pose>
		<truncated>0</truncated>
		<difficult>0</difficult>
		<occluded>0</occluded>
		<bndbox>
			<xmin>80</xmin>
			<xmax>233</xmax>
			<ymin>64</ymin>
			<ymax>174</ymax>
		</bndbox>
	</object>
</annotation>
