<annotation>
	<folder></folder>
	<filename>staffordshire_bull_terrier_139_jpg.rf.79b4bd31053cb81cb01fffd01bd0d5d4.jpg</filename>
	<path>staffordshire_bull_terrier_139_jpg.rf.79b4bd31053cb81cb01fffd01bd0d5d4.jpg</path>
	<source>
		<database>roboflow.ai</database>
	</source>
	<size>
		<width>500</width>
		<height>375</height>
		<depth>3</depth>
	</size>
	<segmented>0</segmented>
	<object>
		<name>dog</name>
		<pose>Unspecified</pose>
		<truncated>0</truncated>
		<difficult>0</difficult>
		<occluded>0</occluded>
		<bndbox>
			<xmin>142</xmin>
			<xmax>398</xmax>
			<ymin>55</ymin>
			<ymax>305</ymax>
		</bndbox>
	</object>
</annotation>
