<annotation>
	<folder></folder>
	<filename>wheaten_terrier_183_jpg.rf.c610409f11296d6836b796a3666ce271.jpg</filename>
	<path>wheaten_terrier_183_jpg.rf.c610409f11296d6836b796a3666ce271.jpg</path>
	<source>
		<database>roboflow.ai</database>
	</source>
	<size>
		<width>500</width>
		<height>330</height>
		<depth>3</depth>
	</size>
	<segmented>0</segmented>
	<object>
		<name>dog</name>
		<pose>Unspecified</pose>
		<truncated>0</truncated>
		<difficult>0</difficult>
		<occluded>0</occluded>
		<bndbox>
			<xmin>152</xmin>
			<xmax>222</xmax>
			<ymin>72</ymin>
			<ymax>135</ymax>
		</bndbox>
	</object>
</annotation>
