<annotation>
	<folder></folder>
	<filename>wheaten_terrier_17_jpg.rf.c3a86c5c0c6d1ecfdd2abb8fb2086d2d.jpg</filename>
	<path>wheaten_terrier_17_jpg.rf.c3a86c5c0c6d1ecfdd2abb8fb2086d2d.jpg</path>
	<source>
		<database>roboflow.ai</database>
	</source>
	<size>
		<width>500</width>
		<height>332</height>
		<depth>3</depth>
	</size>
	<segmented>0</segmented>
	<object>
		<name>dog</name>
		<pose>Unspecified</pose>
		<truncated>0</truncated>
		<difficult>0</difficult>
		<occluded>0</occluded>
		<bndbox>
			<xmin>164</xmin>
			<xmax>226</xmax>
			<ymin>116</ymin>
			<ymax>162</ymax>
		</bndbox>
	</object>
</annotation>
