<annotation>
	<folder></folder>
	<filename>wheaten_terrier_136_jpg.rf.0d79e4f7fb603abc0a0c08ad3bc17d7a.jpg</filename>
	<path>wheaten_terrier_136_jpg.rf.0d79e4f7fb603abc0a0c08ad3bc17d7a.jpg</path>
	<source>
		<database>roboflow.ai</database>
	</source>
	<size>
		<width>500</width>
		<height>375</height>
		<depth>3</depth>
	</size>
	<segmented>0</segmented>
	<object>
		<name>dog</name>
		<pose>Unspecified</pose>
		<truncated>0</truncated>
		<difficult>0</difficult>
		<occluded>0</occluded>
		<bndbox>
			<xmin>129</xmin>
			<xmax>248</xmax>
			<ymin>62</ymin>
			<ymax>160</ymax>
		</bndbox>
	</object>
</annotation>
