<annotation>
	<folder></folder>
	<filename>wheaten_terrier_109_jpg.rf.c6f6432d53f7423a3e8cb3d15a1284db.jpg</filename>
	<path>wheaten_terrier_109_jpg.rf.c6f6432d53f7423a3e8cb3d15a1284db.jpg</path>
	<source>
		<database>roboflow.ai</database>
	</source>
	<size>
		<width>333</width>
		<height>500</height>
		<depth>3</depth>
	</size>
	<segmented>0</segmented>
	<object>
		<name>dog</name>
		<pose>Unspecified</pose>
		<truncated>0</truncated>
		<difficult>0</difficult>
		<occluded>0</occluded>
		<bndbox>
			<xmin>39</xmin>
			<xmax>332</xmax>
			<ymin>30</ymin>
			<ymax>312</ymax>
		</bndbox>
	</object>
</annotation>
