<annotation>
	<folder></folder>
	<filename>wheaten_terrier_106_jpg.rf.d6091d44c5a8d554590bb9a215e93fbf.jpg</filename>
	<path>wheaten_terrier_106_jpg.rf.d6091d44c5a8d554590bb9a215e93fbf.jpg</path>
	<source>
		<database>roboflow.ai</database>
	</source>
	<size>
		<width>333</width>
		<height>500</height>
		<depth>3</depth>
	</size>
	<segmented>0</segmented>
	<object>
		<name>dog</name>
		<pose>Unspecified</pose>
		<truncated>0</truncated>
		<difficult>0</difficult>
		<occluded>0</occluded>
		<bndbox>
			<xmin>84</xmin>
			<xmax>313</xmax>
			<ymin>40</ymin>
			<ymax>262</ymax>
		</bndbox>
	</object>
</annotation>
