<annotation>
	<folder></folder>
	<filename>wheaten_terrier_154_jpg.rf.338064f39e8a7e698532ef3548ed9388.jpg</filename>
	<path>wheaten_terrier_154_jpg.rf.338064f39e8a7e698532ef3548ed9388.jpg</path>
	<source>
		<database>roboflow.ai</database>
	</source>
	<size>
		<width>500</width>
		<height>375</height>
		<depth>3</depth>
	</size>
	<segmented>0</segmented>
	<object>
		<name>dog</name>
		<pose>Unspecified</pose>
		<truncated>0</truncated>
		<difficult>0</difficult>
		<occluded>0</occluded>
		<bndbox>
			<xmin>104</xmin>
			<xmax>249</xmax>
			<ymin>28</ymin>
			<ymax>172</ymax>
		</bndbox>
	</object>
</annotation>
