<annotation>
	<folder></folder>
	<filename>wheaten_terrier_190_jpg.rf.83e8d203655476ea15953f1b21ec9d98.jpg</filename>
	<path>wheaten_terrier_190_jpg.rf.83e8d203655476ea15953f1b21ec9d98.jpg</path>
	<source>
		<database>roboflow.ai</database>
	</source>
	<size>
		<width>500</width>
		<height>330</height>
		<depth>3</depth>
	</size>
	<segmented>0</segmented>
	<object>
		<name>dog</name>
		<pose>Unspecified</pose>
		<truncated>0</truncated>
		<difficult>0</difficult>
		<occluded>0</occluded>
		<bndbox>
			<xmin>81</xmin>
			<xmax>221</xmax>
			<ymin>13</ymin>
			<ymax>148</ymax>
		</bndbox>
	</object>
</annotation>
