<annotation>
	<folder></folder>
	<filename>yorkshire_terrier_109_jpg.rf.b3923a700811211048698648f114b029.jpg</filename>
	<path>yorkshire_terrier_109_jpg.rf.b3923a700811211048698648f114b029.jpg</path>
	<source>
		<database>roboflow.ai</database>
	</source>
	<size>
		<width>500</width>
		<height>471</height>
		<depth>3</depth>
	</size>
	<segmented>0</segmented>
	<object>
		<name>dog</name>
		<pose>Unspecified</pose>
		<truncated>0</truncated>
		<difficult>0</difficult>
		<occluded>0</occluded>
		<bndbox>
			<xmin>74</xmin>
			<xmax>339</xmax>
			<ymin>1</ymin>
			<ymax>323</ymax>
		</bndbox>
	</object>
</annotation>
