<annotation>
	<folder></folder>
	<filename>yorkshire_terrier_118_jpg.rf.20137c93133a70073a0ae31b7ea5e1c7.jpg</filename>
	<path>yorkshire_terrier_118_jpg.rf.20137c93133a70073a0ae31b7ea5e1c7.jpg</path>
	<source>
		<database>roboflow.ai</database>
	</source>
	<size>
		<width>240</width>
		<height>300</height>
		<depth>3</depth>
	</size>
	<segmented>0</segmented>
	<object>
		<name>dog</name>
		<pose>Unspecified</pose>
		<truncated>0</truncated>
		<difficult>0</difficult>
		<occluded>0</occluded>
		<bndbox>
			<xmin>36</xmin>
			<xmax>178</xmax>
			<ymin>2</ymin>
			<ymax>162</ymax>
		</bndbox>
	</object>
</annotation>
