<annotation>
	<folder></folder>
	<filename>yorkshire_terrier_188_jpg.rf.ae4a9b05c6f6e95d24578bac39f79d07.jpg</filename>
	<path>yorkshire_terrier_188_jpg.rf.ae4a9b05c6f6e95d24578bac39f79d07.jpg</path>
	<source>
		<database>roboflow.ai</database>
	</source>
	<size>
		<width>500</width>
		<height>334</height>
		<depth>3</depth>
	</size>
	<segmented>0</segmented>
	<object>
		<name>dog</name>
		<pose>Unspecified</pose>
		<truncated>0</truncated>
		<difficult>0</difficult>
		<occluded>0</occluded>
		<bndbox>
			<xmin>94</xmin>
			<xmax>378</xmax>
			<ymin>36</ymin>
			<ymax>263</ymax>
		</bndbox>
	</object>
</annotation>
