<annotation>
	<folder></folder>
	<filename>yorkshire_terrier_144_jpg.rf.de5c6beb57a64256d6f83fb977daf802.jpg</filename>
	<path>yorkshire_terrier_144_jpg.rf.de5c6beb57a64256d6f83fb977daf802.jpg</path>
	<source>
		<database>roboflow.ai</database>
	</source>
	<size>
		<width>163</width>
		<height>300</height>
		<depth>3</depth>
	</size>
	<segmented>0</segmented>
	<object>
		<name>dog</name>
		<pose>Unspecified</pose>
		<truncated>0</truncated>
		<difficult>0</difficult>
		<occluded>0</occluded>
		<bndbox>
			<xmin>7</xmin>
			<xmax>136</xmax>
			<ymin>50</ymin>
			<ymax>192</ymax>
		</bndbox>
	</object>
</annotation>
