<annotation>
	<folder></folder>
	<filename>Abyssinian_105_jpg.rf.10540388023430923121ad33d4908919.jpg</filename>
	<path>Abyssinian_105_jpg.rf.10540388023430923121ad33d4908919.jpg</path>
	<source>
		<database>roboflow.ai</database>
	</source>
	<size>
		<width>500</width>
		<height>375</height>
		<depth>3</depth>
	</size>
	<segmented>0</segmented>
	<object>
		<name>cat</name>
		<pose>Unspecified</pose>
		<truncated>0</truncated>
		<difficult>0</difficult>
		<occluded>0</occluded>
		<bndbox>
			<xmin>237</xmin>
			<xmax>373</xmax>
			<ymin>101</ymin>
			<ymax>227</ymax>
		</bndbox>
	</object>
</annotation>
