<annotation>
	<folder></folder>
	<filename>american_bulldog_127_jpg.rf.77b38d965b823efc7decbcac57ab311c.jpg</filename>
	<path>american_bulldog_127_jpg.rf.77b38d965b823efc7decbcac57ab311c.jpg</path>
	<source>
		<database>roboflow.ai</database>
	</source>
	<size>
		<width>500</width>
		<height>334</height>
		<depth>3</depth>
	</size>
	<segmented>0</segmented>
	<object>
		<name>dog</name>
		<pose>Unspecified</pose>
		<truncated>0</truncated>
		<difficult>0</difficult>
		<occluded>0</occluded>
		<bndbox>
			<xmin>154</xmin>
			<xmax>258</xmax>
			<ymin>113</ymin>
			<ymax>214</ymax>
		</bndbox>
	</object>
</annotation>
