<annotation>
	<folder></folder>
	<filename>american_pit_bull_terrier_143_jpg.rf.3d1b19ea3b82a0bc4a894332ea3c0ff2.jpg</filename>
	<path>american_pit_bull_terrier_143_jpg.rf.3d1b19ea3b82a0bc4a894332ea3c0ff2.jpg</path>
	<source>
		<database>roboflow.ai</database>
	</source>
	<size>
		<width>290</width>
		<height>300</height>
		<depth>3</depth>
	</size>
	<segmented>0</segmented>
	<object>
		<name>dog</name>
		<pose>Unspecified</pose>
		<truncated>0</truncated>
		<difficult>0</difficult>
		<occluded>0</occluded>
		<bndbox>
			<xmin>85</xmin>
			<xmax>188</xmax>
			<ymin>25</ymin>
			<ymax>153</ymax>
		</bndbox>
	</object>
</annotation>
