<annotation>
	<folder></folder>
	<filename>american_bulldog_111_jpg.rf.91b4ea53169fdab6f3fbe0ef4e9cba79.jpg</filename>
	<path>american_bulldog_111_jpg.rf.91b4ea53169fdab6f3fbe0ef4e9cba79.jpg</path>
	<source>
		<database>roboflow.ai</database>
	</source>
	<size>
		<width>500</width>
		<height>333</height>
		<depth>3</depth>
	</size>
	<segmented>0</segmented>
	<object>
		<name>dog</name>
		<pose>Unspecified</pose>
		<truncated>0</truncated>
		<difficult>0</difficult>
		<occluded>0</occluded>
		<bndbox>
			<xmin>95</xmin>
			<xmax>341</xmax>
			<ymin>16</ymin>
			<ymax>276</ymax>
		</bndbox>
	</object>
</annotation>
