<annotation>
	<folder></folder>
	<filename>american_bulldog_107_jpg.rf.d694e9227ee98ca71c3477806bc77591.jpg</filename>
	<path>american_bulldog_107_jpg.rf.d694e9227ee98ca71c3477806bc77591.jpg</path>
	<source>
		<database>roboflow.ai</database>
	</source>
	<size>
		<width>376</width>
		<height>500</height>
		<depth>3</depth>
	</size>
	<segmented>0</segmented>
	<object>
		<name>dog</name>
		<pose>Unspecified</pose>
		<truncated>0</truncated>
		<difficult>0</difficult>
		<occluded>0</occluded>
		<bndbox>
			<xmin>87</xmin>
			<xmax>272</xmax>
			<ymin>68</ymin>
			<ymax>224</ymax>
		</bndbox>
	</object>
</annotation>
