<annotation>
	<folder></folder>
	<filename>american_pit_bull_terrier_108_jpg.rf.9ff999519ab0843a1abed6804b91ea7e.jpg</filename>
	<path>american_pit_bull_terrier_108_jpg.rf.9ff999519ab0843a1abed6804b91ea7e.jpg</path>
	<source>
		<database>roboflow.ai</database>
	</source>
	<size>
		<width>500</width>
		<height>333</height>
		<depth>3</depth>
	</size>
	<segmented>0</segmented>
	<object>
		<name>dog</name>
		<pose>Unspecified</pose>
		<truncated>0</truncated>
		<difficult>0</difficult>
		<occluded>0</occluded>
		<bndbox>
			<xmin>218</xmin>
			<xmax>287</xmax>
			<ymin>83</ymin>
			<ymax>152</ymax>
		</bndbox>
	</object>
</annotation>
