<annotation>
	<folder></folder>
	<filename>american_bulldog_103_jpg.rf.c2b07a5a8f218c731b930594a689604d.jpg</filename>
	<path>american_bulldog_103_jpg.rf.c2b07a5a8f218c731b930594a689604d.jpg</path>
	<source>
		<database>roboflow.ai</database>
	</source>
	<size>
		<width>375</width>
		<height>500</height>
		<depth>3</depth>
	</size>
	<segmented>0</segmented>
	<object>
		<name>dog</name>
		<pose>Unspecified</pose>
		<truncated>0</truncated>
		<difficult>0</difficult>
		<occluded>0</occluded>
		<bndbox>
			<xmin>126</xmin>
			<xmax>237</xmax>
			<ymin>119</ymin>
			<ymax>226</ymax>
		</bndbox>
	</object>
</annotation>
