<annotation>
	<folder></folder>
	<filename>american_bulldog_14_jpg.rf.a50c7842cb92cd60cf8916e0d165e115.jpg</filename>
	<path>american_bulldog_14_jpg.rf.a50c7842cb92cd60cf8916e0d165e115.jpg</path>
	<source>
		<database>roboflow.ai</database>
	</source>
	<size>
		<width>500</width>
		<height>376</height>
		<depth>3</depth>
	</size>
	<segmented>0</segmented>
	<object>
		<name>dog</name>
		<pose>Unspecified</pose>
		<truncated>0</truncated>
		<difficult>0</difficult>
		<occluded>0</occluded>
		<bndbox>
			<xmin>92</xmin>
			<xmax>369</xmax>
			<ymin>22</ymin>
			<ymax>343</ymax>
		</bndbox>
	</object>
</annotation>
