<annotation>
	<folder></folder>
	<filename>basset_hound_113_jpg.rf.e875e08819804a90ed50a7a8a172d221.jpg</filename>
	<path>basset_hound_113_jpg.rf.e875e08819804a90ed50a7a8a172d221.jpg</path>
	<source>
		<database>roboflow.ai</database>
	</source>
	<size>
		<width>500</width>
		<height>332</height>
		<depth>3</depth>
	</size>
	<segmented>0</segmented>
	<object>
		<name>dog</name>
		<pose>Unspecified</pose>
		<truncated>0</truncated>
		<difficult>0</difficult>
		<occluded>0</occluded>
		<bndbox>
			<xmin>204</xmin>
			<xmax>380</xmax>
			<ymin>81</ymin>
			<ymax>296</ymax>
		</bndbox>
	</object>
</annotation>
