<annotation>
	<folder></folder>
	<filename>basset_hound_13_jpg.rf.fc0ac5e352a28eb8b10ef6dfec5e22fe.jpg</filename>
	<path>basset_hound_13_jpg.rf.fc0ac5e352a28eb8b10ef6dfec5e22fe.jpg</path>
	<source>
		<database>roboflow.ai</database>
	</source>
	<size>
		<width>375</width>
		<height>500</height>
		<depth>3</depth>
	</size>
	<segmented>0</segmented>
	<object>
		<name>dog</name>
		<pose>Unspecified</pose>
		<truncated>0</truncated>
		<difficult>0</difficult>
		<occluded>0</occluded>
		<bndbox>
			<xmin>139</xmin>
			<xmax>374</xmax>
			<ymin>1</ymin>
			<ymax>342</ymax>
		</bndbox>
	</object>
</annotation>
