<annotation>
	<folder></folder>
	<filename>beagle_111_jpg.rf.26021e9f7d6a90e42a8a89c88a0b35e0.jpg</filename>
	<path>beagle_111_jpg.rf.26021e9f7d6a90e42a8a89c88a0b35e0.jpg</path>
	<source>
		<database>roboflow.ai</database>
	</source>
	<size>
		<width>500</width>
		<height>333</height>
		<depth>3</depth>
	</size>
	<segmented>0</segmented>
	<object>
		<name>dog</name>
		<pose>Unspecified</pose>
		<truncated>0</truncated>
		<difficult>0</difficult>
		<occluded>0</occluded>
		<bndbox>
			<xmin>183</xmin>
			<xmax>439</xmax>
			<ymin>59</ymin>
			<ymax>258</ymax>
		</bndbox>
	</object>
</annotation>
