<annotation>
	<folder></folder>
	<filename>beagle_10_jpg.rf.96dc3c2f55fcde43bbbc304bb5caf2e9.jpg</filename>
	<path>beagle_10_jpg.rf.96dc3c2f55fcde43bbbc304bb5caf2e9.jpg</path>
	<source>
		<database>roboflow.ai</database>
	</source>
	<size>
		<width>500</width>
		<height>334</height>
		<depth>3</depth>
	</size>
	<segmented>0</segmented>
	<object>
		<name>dog</name>
		<pose>Unspecified</pose>
		<truncated>0</truncated>
		<difficult>0</difficult>
		<occluded>0</occluded>
		<bndbox>
			<xmin>149</xmin>
			<xmax>388</xmax>
			<ymin>51</ymin>
			<ymax>280</ymax>
		</bndbox>
	</object>
</annotation>
