<annotation>
	<folder></folder>
	<filename>Bengal_119_jpg.rf.c7beef8a3ae00ee153bfb7ac69dd920d.jpg</filename>
	<path>Bengal_119_jpg.rf.c7beef8a3ae00ee153bfb7ac69dd920d.jpg</path>
	<source>
		<database>roboflow.ai</database>
	</source>
	<size>
		<width>356</width>
		<height>500</height>
		<depth>3</depth>
	</size>
	<segmented>0</segmented>
	<object>
		<name>cat</name>
		<pose>Unspecified</pose>
		<truncated>0</truncated>
		<difficult>0</difficult>
		<occluded>0</occluded>
		<bndbox>
			<xmin>127</xmin>
			<xmax>298</xmax>
			<ymin>38</ymin>
			<ymax>229</ymax>
		</bndbox>
	</object>
</annotation>
