<annotation>
	<folder></folder>
	<filename>Bengal_122_jpg.rf.c3a7cab427c2c4608c9b546f1b6fe855.jpg</filename>
	<path>Bengal_122_jpg.rf.c3a7cab427c2c4608c9b546f1b6fe855.jpg</path>
	<source>
		<database>roboflow.ai</database>
	</source>
	<size>
		<width>500</width>
		<height>333</height>
		<depth>3</depth>
	</size>
	<segmented>0</segmented>
	<object>
		<name>cat</name>
		<pose>Unspecified</pose>
		<truncated>0</truncated>
		<difficult>0</difficult>
		<occluded>0</occluded>
		<bndbox>
			<xmin>34</xmin>
			<xmax>189</xmax>
			<ymin>46</ymin>
			<ymax>219</ymax>
		</bndbox>
	</object>
</annotation>
