<annotation>
	<folder></folder>
	<filename>Bengal_108_jpg.rf.93fdb27cb9d448044a09b626a3983cbf.jpg</filename>
	<path>Bengal_108_jpg.rf.93fdb27cb9d448044a09b626a3983cbf.jpg</path>
	<source>
		<database>roboflow.ai</database>
	</source>
	<size>
		<width>500</width>
		<height>375</height>
		<depth>3</depth>
	</size>
	<segmented>0</segmented>
	<object>
		<name>cat</name>
		<pose>Unspecified</pose>
		<truncated>0</truncated>
		<difficult>0</difficult>
		<occluded>0</occluded>
		<bndbox>
			<xmin>108</xmin>
			<xmax>262</xmax>
			<ymin>29</ymin>
			<ymax>215</ymax>
		</bndbox>
	</object>
</annotation>
