<annotation>
	<folder></folder>
	<filename>Birman_138_jpg.rf.2ac61cd3ada8a6c72deff5481b56f07d.jpg</filename>
	<path>Birman_138_jpg.rf.2ac61cd3ada8a6c72deff5481b56f07d.jpg</path>
	<source>
		<database>roboflow.ai</database>
	</source>
	<size>
		<width>332</width>
		<height>500</height>
		<depth>3</depth>
	</size>
	<segmented>0</segmented>
	<object>
		<name>cat</name>
		<pose>Unspecified</pose>
		<truncated>0</truncated>
		<difficult>0</difficult>
		<occluded>0</occluded>
		<bndbox>
			<xmin>38</xmin>
			<xmax>284</xmax>
			<ymin>1</ymin>
			<ymax>232</ymax>
		</bndbox>
	</object>
</annotation>
