<annotation>
	<folder></folder>
	<filename>Bombay_151_jpg.rf.c1fe048b3eb596afe24b570a723aa3dd.jpg</filename>
	<path>Bombay_151_jpg.rf.c1fe048b3eb596afe24b570a723aa3dd.jpg</path>
	<source>
		<database>roboflow.ai</database>
	</source>
	<size>
		<width>800</width>
		<height>600</height>
		<depth>3</depth>
	</size>
	<segmented>0</segmented>
	<object>
		<name>cat</name>
		<pose>Unspecified</pose>
		<truncated>0</truncated>
		<difficult>0</difficult>
		<occluded>0</occluded>
		<bndbox>
			<xmin>267</xmin>
			<xmax>570</xmax>
			<ymin>8</ymin>
			<ymax>315</ymax>
		</bndbox>
	</object>
</annotation>
