<annotation>
	<folder></folder>
	<filename>Bombay_111_jpg.rf.1e7eefa2519f9d026bb14298522c5064.jpg</filename>
	<path>Bombay_111_jpg.rf.1e7eefa2519f9d026bb14298522c5064.jpg</path>
	<source>
		<database>roboflow.ai</database>
	</source>
	<size>
		<width>604</width>
		<height>453</height>
		<depth>3</depth>
	</size>
	<segmented>0</segmented>
	<object>
		<name>cat</name>
		<pose>Unspecified</pose>
		<truncated>0</truncated>
		<difficult>0</difficult>
		<occluded>0</occluded>
		<bndbox>
			<xmin>221</xmin>
			<xmax>467</xmax>
			<ymin>82</ymin>
			<ymax>280</ymax>
		</bndbox>
	</object>
</annotation>
