<annotation>
	<folder></folder>
	<filename>Bombay_143_jpg.rf.7616dfadbecafd4e083f11f0f00cf19e.jpg</filename>
	<path>Bombay_143_jpg.rf.7616dfadbecafd4e083f11f0f00cf19e.jpg</path>
	<source>
		<database>roboflow.ai</database>
	</source>
	<size>
		<width>500</width>
		<height>385</height>
		<depth>3</depth>
	</size>
	<segmented>0</segmented>
	<object>
		<name>cat</name>
		<pose>Unspecified</pose>
		<truncated>0</truncated>
		<difficult>0</difficult>
		<occluded>0</occluded>
		<bndbox>
			<xmin>175</xmin>
			<xmax>404</xmax>
			<ymin>54</ymin>
			<ymax>288</ymax>
		</bndbox>
	</object>
</annotation>
