<annotation>
	<folder></folder>
	<filename>Bombay_198_jpg.rf.913aa315c8b65c99894e6dad678c3881.jpg</filename>
	<path>Bombay_198_jpg.rf.913aa315c8b65c99894e6dad678c3881.jpg</path>
	<source>
		<database>roboflow.ai</database>
	</source>
	<size>
		<width>300</width>
		<height>225</height>
		<depth>3</depth>
	</size>
	<segmented>0</segmented>
	<object>
		<name>cat</name>
		<pose>Unspecified</pose>
		<truncated>0</truncated>
		<difficult>0</difficult>
		<occluded>0</occluded>
		<bndbox>
			<xmin>61</xmin>
			<xmax>248</xmax>
			<ymin>1</ymin>
			<ymax>200</ymax>
		</bndbox>
	</object>
</annotation>
