<annotation>
	<folder></folder>
	<filename>Bombay_132_jpg.rf.3fe37a573b3b1609d6d77ff53970cfda.jpg</filename>
	<path>Bombay_132_jpg.rf.3fe37a573b3b1609d6d77ff53970cfda.jpg</path>
	<source>
		<database>roboflow.ai</database>
	</source>
	<size>
		<width>600</width>
		<height>450</height>
		<depth>3</depth>
	</size>
	<segmented>0</segmented>
	<object>
		<name>cat</name>
		<pose>Unspecified</pose>
		<truncated>0</truncated>
		<difficult>0</difficult>
		<occluded>0</occluded>
		<bndbox>
			<xmin>167</xmin>
			<xmax>449</xmax>
			<ymin>36</ymin>
			<ymax>322</ymax>
		</bndbox>
	</object>
</annotation>
