<annotation>
	<folder></folder>
	<filename>British_Shorthair_156_jpg.rf.b44e312a10ef7ce211e16f14c7eee829.jpg</filename>
	<path>British_Shorthair_156_jpg.rf.b44e312a10ef7ce211e16f14c7eee829.jpg</path>
	<source>
		<database>roboflow.ai</database>
	</source>
	<size>
		<width>500</width>
		<height>333</height>
		<depth>3</depth>
	</size>
	<segmented>0</segmented>
	<object>
		<name>cat</name>
		<pose>Unspecified</pose>
		<truncated>0</truncated>
		<difficult>0</difficult>
		<occluded>0</occluded>
		<bndbox>
			<xmin>190</xmin>
			<xmax>345</xmax>
			<ymin>44</ymin>
			<ymax>196</ymax>
		</bndbox>
	</object>
</annotation>
