<annotation>
	<folder></folder>
	<filename>British_Shorthair_153_jpg.rf.3b59253d719b3d82f6d495a3060d182d.jpg</filename>
	<path>British_Shorthair_153_jpg.rf.3b59253d719b3d82f6d495a3060d182d.jpg</path>
	<source>
		<database>roboflow.ai</database>
	</source>
	<size>
		<width>500</width>
		<height>335</height>
		<depth>3</depth>
	</size>
	<segmented>0</segmented>
	<object>
		<name>cat</name>
		<pose>Unspecified</pose>
		<truncated>0</truncated>
		<difficult>0</difficult>
		<occluded>0</occluded>
		<bndbox>
			<xmin>168</xmin>
			<xmax>466</xmax>
			<ymin>15</ymin>
			<ymax>296</ymax>
		</bndbox>
	</object>
</annotation>
