<annotation>
	<folder></folder>
	<filename>British_Shorthair_127_jpg.rf.823fe3d06e4636469d659d5201f776df.jpg</filename>
	<path>British_Shorthair_127_jpg.rf.823fe3d06e4636469d659d5201f776df.jpg</path>
	<source>
		<database>roboflow.ai</database>
	</source>
	<size>
		<width>322</width>
		<height>500</height>
		<depth>3</depth>
	</size>
	<segmented>0</segmented>
	<object>
		<name>cat</name>
		<pose>Unspecified</pose>
		<truncated>0</truncated>
		<difficult>0</difficult>
		<occluded>0</occluded>
		<bndbox>
			<xmin>49</xmin>
			<xmax>264</xmax>
			<ymin>130</ymin>
			<ymax>355</ymax>
		</bndbox>
	</object>
</annotation>
