<annotation>
	<folder></folder>
	<filename>chihuahua_144_jpg.rf.2ba08f1edde1f0859b1c26887f25d96f.jpg</filename>
	<path>chihuahua_144_jpg.rf.2ba08f1edde1f0859b1c26887f25d96f.jpg</path>
	<source>
		<database>roboflow.ai</database>
	</source>
	<size>
		<width>300</width>
		<height>230</height>
		<depth>3</depth>
	</size>
	<segmented>0</segmented>
	<object>
		<name>dog</name>
		<pose>Unspecified</pose>
		<truncated>0</truncated>
		<difficult>0</difficult>
		<occluded>0</occluded>
		<bndbox>
			<xmin>53</xmin>
			<xmax>136</xmax>
			<ymin>17</ymin>
			<ymax>113</ymax>
		</bndbox>
	</object>
</annotation>
