<annotation>
	<folder></folder>
	<filename>chihuahua_112_jpg.rf.2405b2fe31fb0fedb504a743a42425a3.jpg</filename>
	<path>chihuahua_112_jpg.rf.2405b2fe31fb0fedb504a743a42425a3.jpg</path>
	<source>
		<database>roboflow.ai</database>
	</source>
	<size>
		<width>225</width>
		<height>300</height>
		<depth>3</depth>
	</size>
	<segmented>0</segmented>
	<object>
		<name>dog</name>
		<pose>Unspecified</pose>
		<truncated>0</truncated>
		<difficult>0</difficult>
		<occluded>0</occluded>
		<bndbox>
			<xmin>103</xmin>
			<xmax>194</xmax>
			<ymin>69</ymin>
			<ymax>144</ymax>
		</bndbox>
	</object>
</annotation>
