<annotation>
	<folder></folder>
	<filename>chihuahua_157_jpg.rf.2d66ae7b0d8d8ba33c011329c9a016ba.jpg</filename>
	<path>chihuahua_157_jpg.rf.2d66ae7b0d8d8ba33c011329c9a016ba.jpg</path>
	<source>
		<database>roboflow.ai</database>
	</source>
	<size>
		<width>117</width>
		<height>200</height>
		<depth>3</depth>
	</size>
	<segmented>0</segmented>
	<object>
		<name>dog</name>
		<pose>Unspecified</pose>
		<truncated>0</truncated>
		<difficult>0</difficult>
		<occluded>0</occluded>
		<bndbox>
			<xmin>5</xmin>
			<xmax>110</xmax>
			<ymin>30</ymin>
			<ymax>99</ymax>
		</bndbox>
	</object>
</annotation>
