<annotation>
	<folder></folder>
	<filename>chihuahua_188_jpg.rf.417c90867c3379122ebdc30037985403.jpg</filename>
	<path>chihuahua_188_jpg.rf.417c90867c3379122ebdc30037985403.jpg</path>
	<source>
		<database>roboflow.ai</database>
	</source>
	<size>
		<width>202</width>
		<height>300</height>
		<depth>3</depth>
	</size>
	<segmented>0</segmented>
	<object>
		<name>dog</name>
		<pose>Unspecified</pose>
		<truncated>0</truncated>
		<difficult>0</difficult>
		<occluded>0</occluded>
		<bndbox>
			<xmin>17</xmin>
			<xmax>141</xmax>
			<ymin>17</ymin>
			<ymax>161</ymax>
		</bndbox>
	</object>
</annotation>
