<annotation>
	<folder></folder>
	<filename>Egyptian_Mau_112_jpg.rf.cda5632221878855f4465bfc6d43fad1.jpg</filename>
	<path>Egyptian_Mau_112_jpg.rf.cda5632221878855f4465bfc6d43fad1.jpg</path>
	<source>
		<database>roboflow.ai</database>
	</source>
	<size>
		<width>500</width>
		<height>375</height>
		<depth>3</depth>
	</size>
	<segmented>0</segmented>
	<object>
		<name>cat</name>
		<pose>Unspecified</pose>
		<truncated>0</truncated>
		<difficult>0</difficult>
		<occluded>0</occluded>
		<bndbox>
			<xmin>104</xmin>
			<xmax>327</xmax>
			<ymin>17</ymin>
			<ymax>238</ymax>
		</bndbox>
	</object>
</annotation>
