<annotation>
	<folder></folder>
	<filename>Egyptian_Mau_134_jpg.rf.0ef4323634effee39a69c0b2b4361ba4.jpg</filename>
	<path>Egyptian_Mau_134_jpg.rf.0ef4323634effee39a69c0b2b4361ba4.jpg</path>
	<source>
		<database>roboflow.ai</database>
	</source>
	<size>
		<width>400</width>
		<height>420</height>
		<depth>3</depth>
	</size>
	<segmented>0</segmented>
	<object>
		<name>cat</name>
		<pose>Unspecified</pose>
		<truncated>0</truncated>
		<difficult>0</difficult>
		<occluded>0</occluded>
		<bndbox>
			<xmin>17</xmin>
			<xmax>102</xmax>
			<ymin>1</ymin>
			<ymax>81</ymax>
		</bndbox>
	</object>
</annotation>
