<annotation>
	<folder></folder>
	<filename>Egyptian_Mau_168_jpg.rf.384079fba99347b5f75a0f33a22f3ad8.jpg</filename>
	<path>Egyptian_Mau_168_jpg.rf.384079fba99347b5f75a0f33a22f3ad8.jpg</path>
	<source>
		<database>roboflow.ai</database>
	</source>
	<size>
		<width>300</width>
		<height>245</height>
		<depth>3</depth>
	</size>
	<segmented>0</segmented>
	<object>
		<name>cat</name>
		<pose>Unspecified</pose>
		<truncated>0</truncated>
		<difficult>0</difficult>
		<occluded>0</occluded>
		<bndbox>
			<xmin>32</xmin>
			<xmax>97</xmax>
			<ymin>8</ymin>
			<ymax>82</ymax>
		</bndbox>
	</object>
</annotation>
