<annotation>
	<folder></folder>
	<filename>english_cocker_spaniel_152_jpg.rf.573d27049162e7438ce51dc768ae4a93.jpg</filename>
	<path>english_cocker_spaniel_152_jpg.rf.573d27049162e7438ce51dc768ae4a93.jpg</path>
	<source>
		<database>roboflow.ai</database>
	</source>
	<size>
		<width>368</width>
		<height>500</height>
		<depth>3</depth>
	</size>
	<segmented>0</segmented>
	<object>
		<name>dog</name>
		<pose>Unspecified</pose>
		<truncated>0</truncated>
		<difficult>0</difficult>
		<occluded>0</occluded>
		<bndbox>
			<xmin>160</xmin>
			<xmax>319</xmax>
			<ymin>161</ymin>
			<ymax>387</ymax>
		</bndbox>
	</object>
</annotation>
