<annotation>
	<folder></folder>
	<filename>english_setter_179_jpg.rf.42d1248962f7dd16683c7378fd076ae0.jpg</filename>
	<path>english_setter_179_jpg.rf.42d1248962f7dd16683c7378fd076ae0.jpg</path>
	<source>
		<database>roboflow.ai</database>
	</source>
	<size>
		<width>334</width>
		<height>500</height>
		<depth>3</depth>
	</size>
	<segmented>0</segmented>
	<object>
		<name>dog</name>
		<pose>Unspecified</pose>
		<truncated>0</truncated>
		<difficult>0</difficult>
		<occluded>0</occluded>
		<bndbox>
			<xmin>1</xmin>
			<xmax>314</xmax>
			<ymin>59</ymin>
			<ymax>315</ymax>
		</bndbox>
	</object>
</annotation>
