<annotation>
	<folder></folder>
	<filename>english_cocker_spaniel_106_jpg.rf.b40b209d75d9bb70a0057e3388f503ab.jpg</filename>
	<path>english_cocker_spaniel_106_jpg.rf.b40b209d75d9bb70a0057e3388f503ab.jpg</path>
	<source>
		<database>roboflow.ai</database>
	</source>
	<size>
		<width>500</width>
		<height>333</height>
		<depth>3</depth>
	</size>
	<segmented>0</segmented>
	<object>
		<name>dog</name>
		<pose>Unspecified</pose>
		<truncated>0</truncated>
		<difficult>0</difficult>
		<occluded>0</occluded>
		<bndbox>
			<xmin>174</xmin>
			<xmax>331</xmax>
			<ymin>10</ymin>
			<ymax>161</ymax>
		</bndbox>
	</object>
</annotation>
