<annotation>
	<folder></folder>
	<filename>english_cocker_spaniel_155_jpg.rf.95ae7391ebb5146b4df8d04d8480d997.jpg</filename>
	<path>english_cocker_spaniel_155_jpg.rf.95ae7391ebb5146b4df8d04d8480d997.jpg</path>
	<source>
		<database>roboflow.ai</database>
	</source>
	<size>
		<width>500</width>
		<height>375</height>
		<depth>3</depth>
	</size>
	<segmented>0</segmented>
	<object>
		<name>dog</name>
		<pose>Unspecified</pose>
		<truncated>0</truncated>
		<difficult>0</difficult>
		<occluded>0</occluded>
		<bndbox>
			<xmin>186</xmin>
			<xmax>327</xmax>
			<ymin>80</ymin>
			<ymax>228</ymax>
		</bndbox>
	</object>
</annotation>
