<annotation>
	<folder></folder>
	<filename>german_shorthaired_146_jpg.rf.1ff2e9cf568d6ab121f46a24ef1db22f.jpg</filename>
	<path>german_shorthaired_146_jpg.rf.1ff2e9cf568d6ab121f46a24ef1db22f.jpg</path>
	<source>
		<database>roboflow.ai</database>
	</source>
	<size>
		<width>375</width>
		<height>500</height>
		<depth>3</depth>
	</size>
	<segmented>0</segmented>
	<object>
		<name>dog</name>
		<pose>Unspecified</pose>
		<truncated>0</truncated>
		<difficult>0</difficult>
		<occluded>0</occluded>
		<bndbox>
			<xmin>58</xmin>
			<xmax>150</xmax>
			<ymin>125</ymin>
			<ymax>197</ymax>
		</bndbox>
	</object>
</annotation>
