<annotation>
	<folder></folder>
	<filename>german_shorthaired_176_jpg.rf.ab7c3667c543b2ec83e367cf6bff1d68.jpg</filename>
	<path>german_shorthaired_176_jpg.rf.ab7c3667c543b2ec83e367cf6bff1d68.jpg</path>
	<source>
		<database>roboflow.ai</database>
	</source>
	<size>
		<width>500</width>
		<height>375</height>
		<depth>3</depth>
	</size>
	<segmented>0</segmented>
	<object>
		<name>dog</name>
		<pose>Unspecified</pose>
		<truncated>0</truncated>
		<difficult>0</difficult>
		<occluded>0</occluded>
		<bndbox>
			<xmin>132</xmin>
			<xmax>308</xmax>
			<ymin>56</ymin>
			<ymax>272</ymax>
		</bndbox>
	</object>
</annotation>
