<annotation>
	<folder></folder>
	<filename>german_shorthaired_149_jpg.rf.0afb879b2a50bc82200b89f8cd903714.jpg</filename>
	<path>german_shorthaired_149_jpg.rf.0afb879b2a50bc82200b89f8cd903714.jpg</path>
	<source>
		<database>roboflow.ai</database>
	</source>
	<size>
		<width>361</width>
		<height>500</height>
		<depth>3</depth>
	</size>
	<segmented>0</segmented>
	<object>
		<name>dog</name>
		<pose>Unspecified</pose>
		<truncated>0</truncated>
		<difficult>0</difficult>
		<occluded>0</occluded>
		<bndbox>
			<xmin>135</xmin>
			<xmax>228</xmax>
			<ymin>111</ymin>
			<ymax>184</ymax>
		</bndbox>
	</object>
</annotation>
