<annotation>
	<folder></folder>
	<filename>german_shorthaired_139_jpg.rf.949da1bf5bd32c8ecbc769f6f8a6fecc.jpg</filename>
	<path>german_shorthaired_139_jpg.rf.949da1bf5bd32c8ecbc769f6f8a6fecc.jpg</path>
	<source>
		<database>roboflow.ai</database>
	</source>
	<size>
		<width>400</width>
		<height>500</height>
		<depth>3</depth>
	</size>
	<segmented>0</segmented>
	<object>
		<name>dog</name>
		<pose>Unspecified</pose>
		<truncated>0</truncated>
		<difficult>0</difficult>
		<occluded>0</occluded>
		<bndbox>
			<xmin>21</xmin>
			<xmax>381</xmax>
			<ymin>1</ymin>
			<ymax>244</ymax>
		</bndbox>
	</object>
</annotation>
