<annotation>
	<folder></folder>
	<filename>german_shorthaired_160_jpg.rf.d0eff6af7df17828e0568d3a769c98f1.jpg</filename>
	<path>german_shorthaired_160_jpg.rf.d0eff6af7df17828e0568d3a769c98f1.jpg</path>
	<source>
		<database>roboflow.ai</database>
	</source>
	<size>
		<width>500</width>
		<height>375</height>
		<depth>3</depth>
	</size>
	<segmented>0</segmented>
	<object>
		<name>dog</name>
		<pose>Unspecified</pose>
		<truncated>0</truncated>
		<difficult>0</difficult>
		<occluded>0</occluded>
		<bndbox>
			<xmin>170</xmin>
			<xmax>419</xmax>
			<ymin>172</ymin>
			<ymax>353</ymax>
		</bndbox>
	</object>
</annotation>
