<annotation>
	<folder></folder>
	<filename>great_pyrenees_150_jpg.rf.72a10612118a7e3c7a02fcbc9391166b.jpg</filename>
	<path>great_pyrenees_150_jpg.rf.72a10612118a7e3c7a02fcbc9391166b.jpg</path>
	<source>
		<database>roboflow.ai</database>
	</source>
	<size>
		<width>333</width>
		<height>500</height>
		<depth>3</depth>
	</size>
	<segmented>0</segmented>
	<object>
		<name>dog</name>
		<pose>Unspecified</pose>
		<truncated>0</truncated>
		<difficult>0</difficult>
		<occluded>0</occluded>
		<bndbox>
			<xmin>42</xmin>
			<xmax>267</xmax>
			<ymin>148</ymin>
			<ymax>340</ymax>
		</bndbox>
	</object>
</annotation>
