<annotation>
	<folder></folder>
	<filename>great_pyrenees_188_jpg.rf.024e443b4ea53984d812b6d70c2c12a5.jpg</filename>
	<path>great_pyrenees_188_jpg.rf.024e443b4ea53984d812b6d70c2c12a5.jpg</path>
	<source>
		<database>roboflow.ai</database>
	</source>
	<size>
		<width>500</width>
		<height>333</height>
		<depth>3</depth>
	</size>
	<segmented>0</segmented>
	<object>
		<name>dog</name>
		<pose>Unspecified</pose>
		<truncated>0</truncated>
		<difficult>0</difficult>
		<occluded>0</occluded>
		<bndbox>
			<xmin>191</xmin>
			<xmax>282</xmax>
			<ymin>127</ymin>
			<ymax>225</ymax>
		</bndbox>
	</object>
</annotation>
