<annotation>
	<folder></folder>
	<filename>great_pyrenees_114_jpg.rf.e8afb64b7c0a3588fbff3801ccc184ad.jpg</filename>
	<path>great_pyrenees_114_jpg.rf.e8afb64b7c0a3588fbff3801ccc184ad.jpg</path>
	<source>
		<database>roboflow.ai</database>
	</source>
	<size>
		<width>500</width>
		<height>375</height>
		<depth>3</depth>
	</size>
	<segmented>0</segmented>
	<object>
		<name>dog</name>
		<pose>Unspecified</pose>
		<truncated>0</truncated>
		<difficult>0</difficult>
		<occluded>0</occluded>
		<bndbox>
			<xmin>254</xmin>
			<xmax>336</xmax>
			<ymin>202</ymin>
			<ymax>288</ymax>
		</bndbox>
	</object>
</annotation>
