<annotation>
	<folder></folder>
	<filename>havanese_11_jpg.rf.5a17a58dcf568218fa91d40ec67b383f.jpg</filename>
	<path>havanese_11_jpg.rf.5a17a58dcf568218fa91d40ec67b383f.jpg</path>
	<source>
		<database>roboflow.ai</database>
	</source>
	<size>
		<width>333</width>
		<height>500</height>
		<depth>3</depth>
	</size>
	<segmented>0</segmented>
	<object>
		<name>dog</name>
		<pose>Unspecified</pose>
		<truncated>0</truncated>
		<difficult>0</difficult>
		<occluded>0</occluded>
		<bndbox>
			<xmin>107</xmin>
			<xmax>271</xmax>
			<ymin>90</ymin>
			<ymax>223</ymax>
		</bndbox>
	</object>
</annotation>
