<annotation>
	<folder></folder>
	<filename>havanese_151_jpg.rf.7d27af30a16654046700a4eefc0866f9.jpg</filename>
	<path>havanese_151_jpg.rf.7d27af30a16654046700a4eefc0866f9.jpg</path>
	<source>
		<database>roboflow.ai</database>
	</source>
	<size>
		<width>500</width>
		<height>333</height>
		<depth>3</depth>
	</size>
	<segmented>0</segmented>
	<object>
		<name>dog</name>
		<pose>Unspecified</pose>
		<truncated>0</truncated>
		<difficult>0</difficult>
		<occluded>0</occluded>
		<bndbox>
			<xmin>252</xmin>
			<xmax>347</xmax>
			<ymin>92</ymin>
			<ymax>179</ymax>
		</bndbox>
	</object>
</annotation>
