<annotation>
	<folder></folder>
	<filename>havanese_140_jpg.rf.b671b950aac35d935e76557f34d3e3ea.jpg</filename>
	<path>havanese_140_jpg.rf.b671b950aac35d935e76557f34d3e3ea.jpg</path>
	<source>
		<database>roboflow.ai</database>
	</source>
	<size>
		<width>500</width>
		<height>362</height>
		<depth>3</depth>
	</size>
	<segmented>0</segmented>
	<object>
		<name>dog</name>
		<pose>Unspecified</pose>
		<truncated>0</truncated>
		<difficult>0</difficult>
		<occluded>0</occluded>
		<bndbox>
			<xmin>101</xmin>
			<xmax>495</xmax>
			<ymin>33</ymin>
			<ymax>235</ymax>
		</bndbox>
	</object>
</annotation>
