<annotation>
	<folder></folder>
	<filename>keeshond_114_jpg.rf.3830be5cc0a279be95851ae5c7f283dc.jpg</filename>
	<path>keeshond_114_jpg.rf.3830be5cc0a279be95851ae5c7f283dc.jpg</path>
	<source>
		<database>roboflow.ai</database>
	</source>
	<size>
		<width>500</width>
		<height>334</height>
		<depth>3</depth>
	</size>
	<segmented>0</segmented>
	<object>
		<name>dog</name>
		<pose>Unspecified</pose>
		<truncated>0</truncated>
		<difficult>0</difficult>
		<occluded>0</occluded>
		<bndbox>
			<xmin>217</xmin>
			<xmax>381</xmax>
			<ymin>13</ymin>
			<ymax>210</ymax>
		</bndbox>
	</object>
</annotation>
