<annotation>
	<folder></folder>
	<filename>keeshond_120_jpg.rf.85c6e7a5f6cc6f743ad2a998457d5954.jpg</filename>
	<path>keeshond_120_jpg.rf.85c6e7a5f6cc6f743ad2a998457d5954.jpg</path>
	<source>
		<database>roboflow.ai</database>
	</source>
	<size>
		<width>500</width>
		<height>333</height>
		<depth>3</depth>
	</size>
	<segmented>0</segmented>
	<object>
		<name>dog</name>
		<pose>Unspecified</pose>
		<truncated>0</truncated>
		<difficult>0</difficult>
		<occluded>0</occluded>
		<bndbox>
			<xmin>169</xmin>
			<xmax>346</xmax>
			<ymin>5</ymin>
			<ymax>238</ymax>
		</bndbox>
	</object>
</annotation>
