<annotation>
	<folder></folder>
	<filename>keeshond_135_jpg.rf.40d50f9951be5e1abca64885ae96b59f.jpg</filename>
	<path>keeshond_135_jpg.rf.40d50f9951be5e1abca64885ae96b59f.jpg</path>
	<source>
		<database>roboflow.ai</database>
	</source>
	<size>
		<width>500</width>
		<height>375</height>
		<depth>3</depth>
	</size>
	<segmented>0</segmented>
	<object>
		<name>dog</name>
		<pose>Unspecified</pose>
		<truncated>0</truncated>
		<difficult>0</difficult>
		<occluded>0</occluded>
		<bndbox>
			<xmin>110</xmin>
			<xmax>339</xmax>
			<ymin>34</ymin>
			<ymax>318</ymax>
		</bndbox>
	</object>
</annotation>
