<annotation>
	<folder></folder>
	<filename>leonberger_13_jpg.rf.b55a7fbbed6f3c3f1967e6acec3be669.jpg</filename>
	<path>leonberger_13_jpg.rf.b55a7fbbed6f3c3f1967e6acec3be669.jpg</path>
	<source>
		<database>roboflow.ai</database>
	</source>
	<size>
		<width>334</width>
		<height>500</height>
		<depth>3</depth>
	</size>
	<segmented>0</segmented>
	<object>
		<name>dog</name>
		<pose>Unspecified</pose>
		<truncated>0</truncated>
		<difficult>0</difficult>
		<occluded>0</occluded>
		<bndbox>
			<xmin>109</xmin>
			<xmax>263</xmax>
			<ymin>17</ymin>
			<ymax>162</ymax>
		</bndbox>
	</object>
</annotation>
