<annotation>
	<folder></folder>
	<filename>leonberger_185_jpg.rf.1d8a4a16774530ab6aab7bb5b959dc9d.jpg</filename>
	<path>leonberger_185_jpg.rf.1d8a4a16774530ab6aab7bb5b959dc9d.jpg</path>
	<source>
		<database>roboflow.ai</database>
	</source>
	<size>
		<width>500</width>
		<height>375</height>
		<depth>3</depth>
	</size>
	<segmented>0</segmented>
	<object>
		<name>dog</name>
		<pose>Unspecified</pose>
		<truncated>0</truncated>
		<difficult>0</difficult>
		<occluded>0</occluded>
		<bndbox>
			<xmin>150</xmin>
			<xmax>295</xmax>
			<ymin>22</ymin>
			<ymax>145</ymax>
		</bndbox>
	</object>
</annotation>
