<annotation>
	<folder></folder>
	<filename>leonberger_135_jpg.rf.da8cb000772e1f15788f381382db55ce.jpg</filename>
	<path>leonberger_135_jpg.rf.da8cb000772e1f15788f381382db55ce.jpg</path>
	<source>
		<database>roboflow.ai</database>
	</source>
	<size>
		<width>500</width>
		<height>393</height>
		<depth>3</depth>
	</size>
	<segmented>0</segmented>
	<object>
		<name>dog</name>
		<pose>Unspecified</pose>
		<truncated>0</truncated>
		<difficult>0</difficult>
		<occluded>0</occluded>
		<bndbox>
			<xmin>52</xmin>
			<xmax>385</xmax>
			<ymin>31</ymin>
			<ymax>262</ymax>
		</bndbox>
	</object>
</annotation>
