<annotation>
	<folder></folder>
	<filename>leonberger_14_jpg.rf.31cf01d4da7f82255a511116d549d446.jpg</filename>
	<path>leonberger_14_jpg.rf.31cf01d4da7f82255a511116d549d446.jpg</path>
	<source>
		<database>roboflow.ai</database>
	</source>
	<size>
		<width>500</width>
		<height>427</height>
		<depth>3</depth>
	</size>
	<segmented>0</segmented>
	<object>
		<name>dog</name>
		<pose>Unspecified</pose>
		<truncated>0</truncated>
		<difficult>0</difficult>
		<occluded>0</occluded>
		<bndbox>
			<xmin>24</xmin>
			<xmax>415</xmax>
			<ymin>22</ymin>
			<ymax>380</ymax>
		</bndbox>
	</object>
</annotation>
