<annotation>
	<folder></folder>
	<filename>Maine_Coon_157_jpg.rf.971df96d7da350d8e47b5b26a2fad875.jpg</filename>
	<path>Maine_Coon_157_jpg.rf.971df96d7da350d8e47b5b26a2fad875.jpg</path>
	<source>
		<database>roboflow.ai</database>
	</source>
	<size>
		<width>333</width>
		<height>500</height>
		<depth>3</depth>
	</size>
	<segmented>0</segmented>
	<object>
		<name>cat</name>
		<pose>Unspecified</pose>
		<truncated>0</truncated>
		<difficult>0</difficult>
		<occluded>0</occluded>
		<bndbox>
			<xmin>112</xmin>
			<xmax>235</xmax>
			<ymin>1</ymin>
			<ymax>138</ymax>
		</bndbox>
	</object>
</annotation>
