<annotation>
	<folder></folder>
	<filename>Maine_Coon_191_jpg.rf.045390124f7c7c96cfac0ea8e3b54d0c.jpg</filename>
	<path>Maine_Coon_191_jpg.rf.045390124f7c7c96cfac0ea8e3b54d0c.jpg</path>
	<source>
		<database>roboflow.ai</database>
	</source>
	<size>
		<width>493</width>
		<height>500</height>
		<depth>3</depth>
	</size>
	<segmented>0</segmented>
	<object>
		<name>cat</name>
		<pose>Unspecified</pose>
		<truncated>0</truncated>
		<difficult>0</difficult>
		<occluded>0</occluded>
		<bndbox>
			<xmin>140</xmin>
			<xmax>377</xmax>
			<ymin>81</ymin>
			<ymax>330</ymax>
		</bndbox>
	</object>
</annotation>
