<annotation>
	<folder></folder>
	<filename>miniature_pinscher_109_jpg.rf.4a87153368449cc9b4d6be3af4b5bd26.jpg</filename>
	<path>miniature_pinscher_109_jpg.rf.4a87153368449cc9b4d6be3af4b5bd26.jpg</path>
	<source>
		<database>roboflow.ai</database>
	</source>
	<size>
		<width>500</width>
		<height>375</height>
		<depth>3</depth>
	</size>
	<segmented>0</segmented>
	<object>
		<name>dog</name>
		<pose>Unspecified</pose>
		<truncated>0</truncated>
		<difficult>0</difficult>
		<occluded>0</occluded>
		<bndbox>
			<xmin>218</xmin>
			<xmax>361</xmax>
			<ymin>29</ymin>
			<ymax>207</ymax>
		</bndbox>
	</object>
</annotation>
