<annotation>
	<folder></folder>
	<filename>newfoundland_104_jpg.rf.8cba84cf5d9f5a8cc1453f9a942a84bb.jpg</filename>
	<path>newfoundland_104_jpg.rf.8cba84cf5d9f5a8cc1453f9a942a84bb.jpg</path>
	<source>
		<database>roboflow.ai</database>
	</source>
	<size>
		<width>500</width>
		<height>375</height>
		<depth>3</depth>
	</size>
	<segmented>0</segmented>
	<object>
		<name>dog</name>
		<pose>Unspecified</pose>
		<truncated>0</truncated>
		<difficult>0</difficult>
		<occluded>0</occluded>
		<bndbox>
			<xmin>189</xmin>
			<xmax>318</xmax>
			<ymin>77</ymin>
			<ymax>212</ymax>
		</bndbox>
	</object>
</annotation>
