<annotation>
	<folder></folder>
	<filename>newfoundland_112_jpg.rf.8c984140783040abe900a86ba9e75d5a.jpg</filename>
	<path>newfoundland_112_jpg.rf.8c984140783040abe900a86ba9e75d5a.jpg</path>
	<source>
		<database>roboflow.ai</database>
	</source>
	<size>
		<width>489</width>
		<height>500</height>
		<depth>3</depth>
	</size>
	<segmented>0</segmented>
	<object>
		<name>dog</name>
		<pose>Unspecified</pose>
		<truncated>0</truncated>
		<difficult>0</difficult>
		<occluded>0</occluded>
		<bndbox>
			<xmin>50</xmin>
			<xmax>410</xmax>
			<ymin>75</ymin>
			<ymax>440</ymax>
		</bndbox>
	</object>
</annotation>
