<annotation>
	<folder></folder>
	<filename>Persian_120_jpg.rf.323e0285ecd3aa25ce3c88204c77f4be.jpg</filename>
	<path>Persian_120_jpg.rf.323e0285ecd3aa25ce3c88204c77f4be.jpg</path>
	<source>
		<database>roboflow.ai</database>
	</source>
	<size>
		<width>375</width>
		<height>500</height>
		<depth>3</depth>
	</size>
	<segmented>0</segmented>
	<object>
		<name>cat</name>
		<pose>Unspecified</pose>
		<truncated>0</truncated>
		<difficult>0</difficult>
		<occluded>0</occluded>
		<bndbox>
			<xmin>112</xmin>
			<xmax>217</xmax>
			<ymin>64</ymin>
			<ymax>164</ymax>
		</bndbox>
	</object>
</annotation>
