<annotation>
	<folder></folder>
	<filename>Persian_194_jpg.rf.c4bab0766a2e387f1ccf76769318438d.jpg</filename>
	<path>Persian_194_jpg.rf.c4bab0766a2e387f1ccf76769318438d.jpg</path>
	<source>
		<database>roboflow.ai</database>
	</source>
	<size>
		<width>500</width>
		<height>335</height>
		<depth>3</depth>
	</size>
	<segmented>0</segmented>
	<object>
		<name>cat</name>
		<pose>Unspecified</pose>
		<truncated>0</truncated>
		<difficult>0</difficult>
		<occluded>0</occluded>
		<bndbox>
			<xmin>322</xmin>
			<xmax>469</xmax>
			<ymin>32</ymin>
			<ymax>164</ymax>
		</bndbox>
	</object>
</annotation>
