<annotation>
	<folder></folder>
	<filename>Persian_201_jpg.rf.ae5c63cd432619c3e1273ec2c6c78f7d.jpg</filename>
	<path>Persian_201_jpg.rf.ae5c63cd432619c3e1273ec2c6c78f7d.jpg</path>
	<source>
		<database>roboflow.ai</database>
	</source>
	<size>
		<width>500</width>
		<height>348</height>
		<depth>3</depth>
	</size>
	<segmented>0</segmented>
	<object>
		<name>cat</name>
		<pose>Unspecified</pose>
		<truncated>0</truncated>
		<difficult>0</difficult>
		<occluded>0</occluded>
		<bndbox>
			<xmin>132</xmin>
			<xmax>319</xmax>
			<ymin>30</ymin>
			<ymax>222</ymax>
		</bndbox>
	</object>
</annotation>
