<annotation>
	<folder></folder>
	<filename>pomeranian_112_jpg.rf.b354bd5dabd6ac6267691c71b66f38dc.jpg</filename>
	<path>pomeranian_112_jpg.rf.b354bd5dabd6ac6267691c71b66f38dc.jpg</path>
	<source>
		<database>roboflow.ai</database>
	</source>
	<size>
		<width>300</width>
		<height>199</height>
		<depth>3</depth>
	</size>
	<segmented>0</segmented>
	<object>
		<name>dog</name>
		<pose>Unspecified</pose>
		<truncated>0</truncated>
		<difficult>0</difficult>
		<occluded>0</occluded>
		<bndbox>
			<xmin>25</xmin>
			<xmax>139</xmax>
			<ymin>5</ymin>
			<ymax>136</ymax>
		</bndbox>
	</object>
</annotation>
