<annotation>
	<folder></folder>
	<filename>pomeranian_17_jpg.rf.1769abacc27639300e19c75305a6675b.jpg</filename>
	<path>pomeranian_17_jpg.rf.1769abacc27639300e19c75305a6675b.jpg</path>
	<source>
		<database>roboflow.ai</database>
	</source>
	<size>
		<width>500</width>
		<height>375</height>
		<depth>3</depth>
	</size>
	<segmented>0</segmented>
	<object>
		<name>dog</name>
		<pose>Unspecified</pose>
		<truncated>0</truncated>
		<difficult>0</difficult>
		<occluded>0</occluded>
		<bndbox>
			<xmin>108</xmin>
			<xmax>353</xmax>
			<ymin>65</ymin>
			<ymax>339</ymax>
		</bndbox>
	</object>
</annotation>
