<annotation>
	<folder></folder>
	<filename>pomeranian_187_jpg.rf.b4180a97ff933ae32733d27042b04cce.jpg</filename>
	<path>pomeranian_187_jpg.rf.b4180a97ff933ae32733d27042b04cce.jpg</path>
	<source>
		<database>roboflow.ai</database>
	</source>
	<size>
		<width>300</width>
		<height>287</height>
		<depth>3</depth>
	</size>
	<segmented>0</segmented>
	<object>
		<name>dog</name>
		<pose>Unspecified</pose>
		<truncated>0</truncated>
		<difficult>0</difficult>
		<occluded>0</occluded>
		<bndbox>
			<xmin>80</xmin>
			<xmax>200</xmax>
			<ymin>40</ymin>
			<ymax>143</ymax>
		</bndbox>
	</object>
</annotation>
