<annotation>
	<folder></folder>
	<filename>pomeranian_10_jpg.rf.7eee75b80a2af04d97f5c66318c283b6.jpg</filename>
	<path>pomeranian_10_jpg.rf.7eee75b80a2af04d97f5c66318c283b6.jpg</path>
	<source>
		<database>roboflow.ai</database>
	</source>
	<size>
		<width>500</width>
		<height>333</height>
		<depth>3</depth>
	</size>
	<segmented>0</segmented>
	<object>
		<name>dog</name>
		<pose>Unspecified</pose>
		<truncated>0</truncated>
		<difficult>0</difficult>
		<occluded>0</occluded>
		<bndbox>
			<xmin>193</xmin>
			<xmax>340</xmax>
			<ymin>47</ymin>
			<ymax>154</ymax>
		</bndbox>
	</object>
</annotation>
