<annotation>
	<folder></folder>
	<filename>pomeranian_173_jpg.rf.55752fe83a1280775698f6b80be085b3.jpg</filename>
	<path>pomeranian_173_jpg.rf.55752fe83a1280775698f6b80be085b3.jpg</path>
	<source>
		<database>roboflow.ai</database>
	</source>
	<size>
		<width>225</width>
		<height>300</height>
		<depth>3</depth>
	</size>
	<segmented>0</segmented>
	<object>
		<name>dog</name>
		<pose>Unspecified</pose>
		<truncated>0</truncated>
		<difficult>0</difficult>
		<occluded>0</occluded>
		<bndbox>
			<xmin>73</xmin>
			<xmax>177</xmax>
			<ymin>7</ymin>
			<ymax>127</ymax>
		</bndbox>
	</object>
</annotation>
