<annotation>
	<folder></folder>
	<filename>pug_117_jpg.rf.31dde3c26ed6f0c03d9d7514967492e3.jpg</filename>
	<path>pug_117_jpg.rf.31dde3c26ed6f0c03d9d7514967492e3.jpg</path>
	<source>
		<database>roboflow.ai</database>
	</source>
	<size>
		<width>500</width>
		<height>333</height>
		<depth>3</depth>
	</size>
	<segmented>0</segmented>
	<object>
		<name>dog</name>
		<pose>Unspecified</pose>
		<truncated>0</truncated>
		<difficult>0</difficult>
		<occluded>0</occluded>
		<bndbox>
			<xmin>232</xmin>
			<xmax>333</xmax>
			<ymin>105</ymin>
			<ymax>190</ymax>
		</bndbox>
	</object>
</annotation>
