<annotation>
	<folder></folder>
	<filename>pug_177_jpg.rf.18f65e385f3a7e445c6fd650b35b91b1.jpg</filename>
	<path>pug_177_jpg.rf.18f65e385f3a7e445c6fd650b35b91b1.jpg</path>
	<source>
		<database>roboflow.ai</database>
	</source>
	<size>
		<width>300</width>
		<height>225</height>
		<depth>3</depth>
	</size>
	<segmented>0</segmented>
	<object>
		<name>dog</name>
		<pose>Unspecified</pose>
		<truncated>0</truncated>
		<difficult>0</difficult>
		<occluded>0</occluded>
		<bndbox>
			<xmin>86</xmin>
			<xmax>202</xmax>
			<ymin>29</ymin>
			<ymax>108</ymax>
		</bndbox>
	</object>
</annotation>
