<annotation>
	<folder></folder>
	<filename>Ragdoll_12_jpg.rf.45e0b888a2329276d142a8e533e48b24.jpg</filename>
	<path>Ragdoll_12_jpg.rf.45e0b888a2329276d142a8e533e48b24.jpg</path>
	<source>
		<database>roboflow.ai</database>
	</source>
	<size>
		<width>500</width>
		<height>333</height>
		<depth>3</depth>
	</size>
	<segmented>0</segmented>
	<object>
		<name>cat</name>
		<pose>Unspecified</pose>
		<truncated>0</truncated>
		<difficult>0</difficult>
		<occluded>0</occluded>
		<bndbox>
			<xmin>157</xmin>
			<xmax>253</xmax>
			<ymin>26</ymin>
			<ymax>135</ymax>
		</bndbox>
	</object>
</annotation>
