<annotation>
	<folder></folder>
	<filename>Ragdoll_172_jpg.rf.795bdd5e59f2b43a43577b28a0decbd8.jpg</filename>
	<path>Ragdoll_172_jpg.rf.795bdd5e59f2b43a43577b28a0decbd8.jpg</path>
	<source>
		<database>roboflow.ai</database>
	</source>
	<size>
		<width>500</width>
		<height>333</height>
		<depth>3</depth>
	</size>
	<segmented>0</segmented>
	<object>
		<name>cat</name>
		<pose>Unspecified</pose>
		<truncated>0</truncated>
		<difficult>0</difficult>
		<occluded>0</occluded>
		<bndbox>
			<xmin>256</xmin>
			<xmax>425</xmax>
			<ymin>1</ymin>
			<ymax>223</ymax>
		</bndbox>
	</object>
</annotation>
