<annotation>
	<folder></folder>
	<filename>Russian_Blue_200_jpg.rf.22b791d6c09351712c479ef86a282a67.jpg</filename>
	<path>Russian_Blue_200_jpg.rf.22b791d6c09351712c479ef86a282a67.jpg</path>
	<source>
		<database>roboflow.ai</database>
	</source>
	<size>
		<width>500</width>
		<height>334</height>
		<depth>3</depth>
	</size>
	<segmented>0</segmented>
	<object>
		<name>cat</name>
		<pose>Unspecified</pose>
		<truncated>0</truncated>
		<difficult>0</difficult>
		<occluded>0</occluded>
		<bndbox>
			<xmin>232</xmin>
			<xmax>273</xmax>
			<ymin>134</ymin>
			<ymax>175</ymax>
		</bndbox>
	</object>
</annotation>
