<annotation>
	<folder></folder>
	<filename>Russian_Blue_153_jpg.rf.bce3201430236a0bd9bcc7eba0215ba7.jpg</filename>
	<path>Russian_Blue_153_jpg.rf.bce3201430236a0bd9bcc7eba0215ba7.jpg</path>
	<source>
		<database>roboflow.ai</database>
	</source>
	<size>
		<width>400</width>
		<height>267</height>
		<depth>3</depth>
	</size>
	<segmented>0</segmented>
	<object>
		<name>cat</name>
		<pose>Unspecified</pose>
		<truncated>0</truncated>
		<difficult>0</difficult>
		<occluded>0</occluded>
		<bndbox>
			<xmin>86</xmin>
			<xmax>306</xmax>
			<ymin>28</ymin>
			<ymax>258</ymax>
		</bndbox>
	</object>
</annotation>
