<annotation>
	<folder></folder>
	<filename>saint_bernard_188_jpg.rf.3be22e6f64e88df29ef15cdeb9e08cbd.jpg</filename>
	<path>saint_bernard_188_jpg.rf.3be22e6f64e88df29ef15cdeb9e08cbd.jpg</path>
	<source>
		<database>roboflow.ai</database>
	</source>
	<size>
		<width>333</width>
		<height>500</height>
		<depth>3</depth>
	</size>
	<segmented>0</segmented>
	<object>
		<name>dog</name>
		<pose>Unspecified</pose>
		<truncated>0</truncated>
		<difficult>0</difficult>
		<occluded>0</occluded>
		<bndbox>
			<xmin>60</xmin>
			<xmax>223</xmax>
			<ymin>146</ymin>
			<ymax>267</ymax>
		</bndbox>
	</object>
</annotation>
