<annotation>
	<folder></folder>
	<filename>saint_bernard_180_jpg.rf.c0a2589cd1715447de480e7c25968d56.jpg</filename>
	<path>saint_bernard_180_jpg.rf.c0a2589cd1715447de480e7c25968d56.jpg</path>
	<source>
		<database>roboflow.ai</database>
	</source>
	<size>
		<width>500</width>
		<height>375</height>
		<depth>3</depth>
	</size>
	<segmented>0</segmented>
	<object>
		<name>dog</name>
		<pose>Unspecified</pose>
		<truncated>0</truncated>
		<difficult>0</difficult>
		<occluded>0</occluded>
		<bndbox>
			<xmin>271</xmin>
			<xmax>384</xmax>
			<ymin>62</ymin>
			<ymax>167</ymax>
		</bndbox>
	</object>
</annotation>
