<annotation>
	<folder></folder>
	<filename>samoyed_17_jpg.rf.983fc6b38903e567c510859f3f98855f.jpg</filename>
	<path>samoyed_17_jpg.rf.983fc6b38903e567c510859f3f98855f.jpg</path>
	<source>
		<database>roboflow.ai</database>
	</source>
	<size>
		<width>500</width>
		<height>479</height>
		<depth>3</depth>
	</size>
	<segmented>0</segmented>
	<object>
		<name>dog</name>
		<pose>Unspecified</pose>
		<truncated>0</truncated>
		<difficult>0</difficult>
		<occluded>0</occluded>
		<bndbox>
			<xmin>146</xmin>
			<xmax>323</xmax>
			<ymin>32</ymin>
			<ymax>265</ymax>
		</bndbox>
	</object>
</annotation>
