<annotation>
	<folder></folder>
	<filename>samoyed_135_jpg.rf.848923b7b62c2d14d9019917ab290c6e.jpg</filename>
	<path>samoyed_135_jpg.rf.848923b7b62c2d14d9019917ab290c6e.jpg</path>
	<source>
		<database>roboflow.ai</database>
	</source>
	<size>
		<width>500</width>
		<height>375</height>
		<depth>3</depth>
	</size>
	<segmented>0</segmented>
	<object>
		<name>dog</name>
		<pose>Unspecified</pose>
		<truncated>0</truncated>
		<difficult>0</difficult>
		<occluded>0</occluded>
		<bndbox>
			<xmin>149</xmin>
			<xmax>307</xmax>
			<ymin>84</ymin>
			<ymax>284</ymax>
		</bndbox>
	</object>
</annotation>
