<annotation>
	<folder></folder>
	<filename>samoyed_162_jpg.rf.5cc4e6781b2389604e6cb3d6c790054c.jpg</filename>
	<path>samoyed_162_jpg.rf.5cc4e6781b2389604e6cb3d6c790054c.jpg</path>
	<source>
		<database>roboflow.ai</database>
	</source>
	<size>
		<width>500</width>
		<height>333</height>
		<depth>3</depth>
	</size>
	<segmented>0</segmented>
	<object>
		<name>dog</name>
		<pose>Unspecified</pose>
		<truncated>0</truncated>
		<difficult>0</difficult>
		<occluded>0</occluded>
		<bndbox>
			<xmin>234</xmin>
			<xmax>310</xmax>
			<ymin>56</ymin>
			<ymax>152</ymax>
		</bndbox>
	</object>
</annotation>
