<annotation>
	<folder></folder>
	<filename>samoyed_128_jpg.rf.7c5a269acca320ef23aaab42c76ad0de.jpg</filename>
	<path>samoyed_128_jpg.rf.7c5a269acca320ef23aaab42c76ad0de.jpg</path>
	<source>
		<database>roboflow.ai</database>
	</source>
	<size>
		<width>500</width>
		<height>375</height>
		<depth>3</depth>
	</size>
	<segmented>0</segmented>
	<object>
		<name>dog</name>
		<pose>Unspecified</pose>
		<truncated>0</truncated>
		<difficult>0</difficult>
		<occluded>0</occluded>
		<bndbox>
			<xmin>80</xmin>
			<xmax>340</xmax>
			<ymin>1</ymin>
			<ymax>200</ymax>
		</bndbox>
	</object>
</annotation>
