<annotation>
	<folder></folder>
	<filename>samoyed_112_jpg.rf.e1f0c769cc768f4c783d0cc292802c8d.jpg</filename>
	<path>samoyed_112_jpg.rf.e1f0c769cc768f4c783d0cc292802c8d.jpg</path>
	<source>
		<database>roboflow.ai</database>
	</source>
	<size>
		<width>500</width>
		<height>366</height>
		<depth>3</depth>
	</size>
	<segmented>0</segmented>
	<object>
		<name>dog</name>
		<pose>Unspecified</pose>
		<truncated>0</truncated>
		<difficult>0</difficult>
		<occluded>0</occluded>
		<bndbox>
			<xmin>109</xmin>
			<xmax>338</xmax>
			<ymin>13</ymin>
			<ymax>346</ymax>
		</bndbox>
	</object>
</annotation>
