<annotation>
	<folder></folder>
	<filename>samoyed_183_jpg.rf.f4daf48c9287ba51ff0576dab665f183.jpg</filename>
	<path>samoyed_183_jpg.rf.f4daf48c9287ba51ff0576dab665f183.jpg</path>
	<source>
		<database>roboflow.ai</database>
	</source>
	<size>
		<width>500</width>
		<height>334</height>
		<depth>3</depth>
	</size>
	<segmented>0</segmented>
	<object>
		<name>dog</name>
		<pose>Unspecified</pose>
		<truncated>0</truncated>
		<difficult>0</difficult>
		<occluded>0</occluded>
		<bndbox>
			<xmin>211</xmin>
			<xmax>297</xmax>
			<ymin>50</ymin>
			<ymax>176</ymax>
		</bndbox>
	</object>
</annotation>
