<annotation>
	<folder></folder>
	<filename>scottish_terrier_173_jpg.rf.4a75604ea80cac7a475052f1eafde18d.jpg</filename>
	<path>scottish_terrier_173_jpg.rf.4a75604ea80cac7a475052f1eafde18d.jpg</path>
	<source>
		<database>roboflow.ai</database>
	</source>
	<size>
		<width>500</width>
		<height>375</height>
		<depth>3</depth>
	</size>
	<segmented>0</segmented>
	<object>
		<name>dog</name>
		<pose>Unspecified</pose>
		<truncated>0</truncated>
		<difficult>0</difficult>
		<occluded>0</occluded>
		<bndbox>
			<xmin>75</xmin>
			<xmax>295</xmax>
			<ymin>11</ymin>
			<ymax>202</ymax>
		</bndbox>
	</object>
</annotation>
