<annotation>
	<folder></folder>
	<filename>scottish_terrier_159_jpg.rf.8a75d7b0d75e9300569968f9f24afa2e.jpg</filename>
	<path>scottish_terrier_159_jpg.rf.8a75d7b0d75e9300569968f9f24afa2e.jpg</path>
	<source>
		<database>roboflow.ai</database>
	</source>
	<size>
		<width>380</width>
		<height>500</height>
		<depth>3</depth>
	</size>
	<segmented>0</segmented>
	<object>
		<name>dog</name>
		<pose>Unspecified</pose>
		<truncated>0</truncated>
		<difficult>0</difficult>
		<occluded>0</occluded>
		<bndbox>
			<xmin>84</xmin>
			<xmax>342</xmax>
			<ymin>24</ymin>
			<ymax>404</ymax>
		</bndbox>
	</object>
</annotation>
