<annotation>
	<folder></folder>
	<filename>shiba_inu_133_jpg.rf.2db9b9b51bab6b3e0fdbd653e82b6f38.jpg</filename>
	<path>shiba_inu_133_jpg.rf.2db9b9b51bab6b3e0fdbd653e82b6f38.jpg</path>
	<source>
		<database>roboflow.ai</database>
	</source>
	<size>
		<width>500</width>
		<height>375</height>
		<depth>3</depth>
	</size>
	<segmented>0</segmented>
	<object>
		<name>dog</name>
		<pose>Unspecified</pose>
		<truncated>0</truncated>
		<difficult>0</difficult>
		<occluded>0</occluded>
		<bndbox>
			<xmin>265</xmin>
			<xmax>355</xmax>
			<ymin>106</ymin>
			<ymax>232</ymax>
		</bndbox>
	</object>
</annotation>
