<annotation>
	<folder></folder>
	<filename>Siamese_168_jpg.rf.89440b068ecd255759d290993c4c8172.jpg</filename>
	<path>Siamese_168_jpg.rf.89440b068ecd255759d290993c4c8172.jpg</path>
	<source>
		<database>roboflow.ai</database>
	</source>
	<size>
		<width>500</width>
		<height>375</height>
		<depth>3</depth>
	</size>
	<segmented>0</segmented>
	<object>
		<name>cat</name>
		<pose>Unspecified</pose>
		<truncated>0</truncated>
		<difficult>0</difficult>
		<occluded>0</occluded>
		<bndbox>
			<xmin>75</xmin>
			<xmax>293</xmax>
			<ymin>41</ymin>
			<ymax>246</ymax>
		</bndbox>
	</object>
</annotation>
