<annotation>
	<folder></folder>
	<filename>Siamese_115_jpg.rf.f1c2fa37120631aa63c88d60f8c14b6c.jpg</filename>
	<path>Siamese_115_jpg.rf.f1c2fa37120631aa63c88d60f8c14b6c.jpg</path>
	<source>
		<database>roboflow.ai</database>
	</source>
	<size>
		<width>500</width>
		<height>335</height>
		<depth>3</depth>
	</size>
	<segmented>0</segmented>
	<object>
		<name>cat</name>
		<pose>Unspecified</pose>
		<truncated>0</truncated>
		<difficult>0</difficult>
		<occluded>0</occluded>
		<bndbox>
			<xmin>239</xmin>
			<xmax>419</xmax>
			<ymin>30</ymin>
			<ymax>210</ymax>
		</bndbox>
	</object>
</annotation>
