<annotation>
	<folder></folder>
	<filename>Siamese_185_jpg.rf.f6e0b34199d8f3111c39100aa97d4152.jpg</filename>
	<path>Siamese_185_jpg.rf.f6e0b34199d8f3111c39100aa97d4152.jpg</path>
	<source>
		<database>roboflow.ai</database>
	</source>
	<size>
		<width>331</width>
		<height>500</height>
		<depth>3</depth>
	</size>
	<segmented>0</segmented>
	<object>
		<name>cat</name>
		<pose>Unspecified</pose>
		<truncated>0</truncated>
		<difficult>0</difficult>
		<occluded>0</occluded>
		<bndbox>
			<xmin>97</xmin>
			<xmax>226</xmax>
			<ymin>141</ymin>
			<ymax>287</ymax>
		</bndbox>
	</object>
</annotation>
