<annotation>
	<folder></folder>
	<filename>Siamese_194_jpg.rf.b17d03f847dec43f1a19f065807e1e6c.jpg</filename>
	<path>Siamese_194_jpg.rf.b17d03f847dec43f1a19f065807e1e6c.jpg</path>
	<source>
		<database>roboflow.ai</database>
	</source>
	<size>
		<width>500</width>
		<height>333</height>
		<depth>3</depth>
	</size>
	<segmented>0</segmented>
	<object>
		<name>cat</name>
		<pose>Unspecified</pose>
		<truncated>0</truncated>
		<difficult>0</difficult>
		<occluded>0</occluded>
		<bndbox>
			<xmin>37</xmin>
			<xmax>188</xmax>
			<ymin>74</ymin>
			<ymax>237</ymax>
		</bndbox>
	</object>
</annotation>
