<annotation>
	<folder></folder>
	<filename>Sphynx_172_jpg.rf.61983ef0313fe08cb11554cf285cf707.jpg</filename>
	<path>Sphynx_172_jpg.rf.61983ef0313fe08cb11554cf285cf707.jpg</path>
	<source>
		<database>roboflow.ai</database>
	</source>
	<size>
		<width>500</width>
		<height>340</height>
		<depth>3</depth>
	</size>
	<segmented>0</segmented>
	<object>
		<name>cat</name>
		<pose>Unspecified</pose>
		<truncated>0</truncated>
		<difficult>0</difficult>
		<occluded>0</occluded>
		<bndbox>
			<xmin>239</xmin>
			<xmax>395</xmax>
			<ymin>75</ymin>
			<ymax>237</ymax>
		</bndbox>
	</object>
</annotation>
