<annotation>
	<folder></folder>
	<filename>Sphynx_192_jpg.rf.44534f6fb99778e1525a485e8e87de79.jpg</filename>
	<path>Sphynx_192_jpg.rf.44534f6fb99778e1525a485e8e87de79.jpg</path>
	<source>
		<database>roboflow.ai</database>
	</source>
	<size>
		<width>500</width>
		<height>333</height>
		<depth>3</depth>
	</size>
	<segmented>0</segmented>
	<object>
		<name>cat</name>
		<pose>Unspecified</pose>
		<truncated>0</truncated>
		<difficult>0</difficult>
		<occluded>0</occluded>
		<bndbox>
			<xmin>334</xmin>
			<xmax>412</xmax>
			<ymin>20</ymin>
			<ymax>109</ymax>
		</bndbox>
	</object>
</annotation>
