<annotation>
	<folder></folder>
	<filename>Sphynx_162_jpg.rf.8a5c0bbf257638a5d4588d57c591a690.jpg</filename>
	<path>Sphynx_162_jpg.rf.8a5c0bbf257638a5d4588d57c591a690.jpg</path>
	<source>
		<database>roboflow.ai</database>
	</source>
	<size>
		<width>500</width>
		<height>351</height>
		<depth>3</depth>
	</size>
	<segmented>0</segmented>
	<object>
		<name>cat</name>
		<pose>Unspecified</pose>
		<truncated>0</truncated>
		<difficult>0</difficult>
		<occluded>0</occluded>
		<bndbox>
			<xmin>122</xmin>
			<xmax>213</xmax>
			<ymin>27</ymin>
			<ymax>126</ymax>
		</bndbox>
	</object>
</annotation>
