<annotation>
	<folder></folder>
	<filename>Sphynx_150_jpg.rf.d92f4ba8d3e9c55631661943bc7e0ea7.jpg</filename>
	<path>Sphynx_150_jpg.rf.d92f4ba8d3e9c55631661943bc7e0ea7.jpg</path>
	<source>
		<database>roboflow.ai</database>
	</source>
	<size>
		<width>332</width>
		<height>500</height>
		<depth>3</depth>
	</size>
	<segmented>0</segmented>
	<object>
		<name>cat</name>
		<pose>Unspecified</pose>
		<truncated>0</truncated>
		<difficult>0</difficult>
		<occluded>0</occluded>
		<bndbox>
			<xmin>103</xmin>
			<xmax>312</xmax>
			<ymin>26</ymin>
			<ymax>228</ymax>
		</bndbox>
	</object>
</annotation>
