<annotation>
	<folder></folder>
	<filename>staffordshire_bull_terrier_11_jpg.rf.c1d36bc868f7adbb63b178887a97707b.jpg</filename>
	<path>staffordshire_bull_terrier_11_jpg.rf.c1d36bc868f7adbb63b178887a97707b.jpg</path>
	<source>
		<database>roboflow.ai</database>
	</source>
	<size>
		<width>500</width>
		<height>364</height>
		<depth>3</depth>
	</size>
	<segmented>0</segmented>
	<object>
		<name>dog</name>
		<pose>Unspecified</pose>
		<truncated>0</truncated>
		<difficult>0</difficult>
		<occluded>0</occluded>
		<bndbox>
			<xmin>227</xmin>
			<xmax>438</xmax>
			<ymin>25</ymin>
			<ymax>280</ymax>
		</bndbox>
	</object>
</annotation>
