<annotation>
	<folder></folder>
	<filename>staffordshire_bull_terrier_158_jpg.rf.4be90b451c7d40c5ab3d398ae973ac1b.jpg</filename>
	<path>staffordshire_bull_terrier_158_jpg.rf.4be90b451c7d40c5ab3d398ae973ac1b.jpg</path>
	<source>
		<database>roboflow.ai</database>
	</source>
	<size>
		<width>500</width>
		<height>375</height>
		<depth>3</depth>
	</size>
	<segmented>0</segmented>
	<object>
		<name>dog</name>
		<pose>Unspecified</pose>
		<truncated>0</truncated>
		<difficult>0</difficult>
		<occluded>0</occluded>
		<bndbox>
			<xmin>165</xmin>
			<xmax>361</xmax>
			<ymin>55</ymin>
			<ymax>312</ymax>
		</bndbox>
	</object>
</annotation>
