<annotation>
	<folder></folder>
	<filename>staffordshire_bull_terrier_174_jpg.rf.d5e64ed6188462bd80db969bca4fbdab.jpg</filename>
	<path>staffordshire_bull_terrier_174_jpg.rf.d5e64ed6188462bd80db969bca4fbdab.jpg</path>
	<source>
		<database>roboflow.ai</database>
	</source>
	<size>
		<width>500</width>
		<height>375</height>
		<depth>3</depth>
	</size>
	<segmented>0</segmented>
	<object>
		<name>dog</name>
		<pose>Unspecified</pose>
		<truncated>0</truncated>
		<difficult>0</difficult>
		<occluded>0</occluded>
		<bndbox>
			<xmin>187</xmin>
			<xmax>426</xmax>
			<ymin>1</ymin>
			<ymax>336</ymax>
		</bndbox>
	</object>
</annotation>
