<annotation>
	<folder></folder>
	<filename>wheaten_terrier_187_jpg.rf.d7736773fc850593105a6386dba9fbad.jpg</filename>
	<path>wheaten_terrier_187_jpg.rf.d7736773fc850593105a6386dba9fbad.jpg</path>
	<source>
		<database>roboflow.ai</database>
	</source>
	<size>
		<width>500</width>
		<height>330</height>
		<depth>3</depth>
	</size>
	<segmented>0</segmented>
	<object>
		<name>dog</name>
		<pose>Unspecified</pose>
		<truncated>0</truncated>
		<difficult>0</difficult>
		<occluded>0</occluded>
		<bndbox>
			<xmin>94</xmin>
			<xmax>341</xmax>
			<ymin>11</ymin>
			<ymax>215</ymax>
		</bndbox>
	</object>
</annotation>
