<annotation>
	<folder></folder>
	<filename>wheaten_terrier_107_jpg.rf.61c7646f97511f441b946a21874e228d.jpg</filename>
	<path>wheaten_terrier_107_jpg.rf.61c7646f97511f441b946a21874e228d.jpg</path>
	<source>
		<database>roboflow.ai</database>
	</source>
	<size>
		<width>500</width>
		<height>374</height>
		<depth>3</depth>
	</size>
	<segmented>0</segmented>
	<object>
		<name>dog</name>
		<pose>Unspecified</pose>
		<truncated>0</truncated>
		<difficult>0</difficult>
		<occluded>0</occluded>
		<bndbox>
			<xmin>125</xmin>
			<xmax>268</xmax>
			<ymin>44</ymin>
			<ymax>198</ymax>
		</bndbox>
	</object>
</annotation>
