<annotation>
	<folder></folder>
	<filename>yorkshire_terrier_150_jpg.rf.1c0b0b6071f63dcc253a9644ea2c3843.jpg</filename>
	<path>yorkshire_terrier_150_jpg.rf.1c0b0b6071f63dcc253a9644ea2c3843.jpg</path>
	<source>
		<database>roboflow.ai</database>
	</source>
	<size>
		<width>300</width>
		<height>199</height>
		<depth>3</depth>
	</size>
	<segmented>0</segmented>
	<object>
		<name>dog</name>
		<pose>Unspecified</pose>
		<truncated>0</truncated>
		<difficult>0</difficult>
		<occluded>0</occluded>
		<bndbox>
			<xmin>110</xmin>
			<xmax>173</xmax>
			<ymin>47</ymin>
			<ymax>99</ymax>
		</bndbox>
	</object>
</annotation>
