<annotation>
	<folder></folder>
	<filename>yorkshire_terrier_156_jpg.rf.6e3182c9b4d67257f58ff266132fd41c.jpg</filename>
	<path>yorkshire_terrier_156_jpg.rf.6e3182c9b4d67257f58ff266132fd41c.jpg</path>
	<source>
		<database>roboflow.ai</database>
	</source>
	<size>
		<width>300</width>
		<height>225</height>
		<depth>3</depth>
	</size>
	<segmented>0</segmented>
	<object>
		<name>dog</name>
		<pose>Unspecified</pose>
		<truncated>0</truncated>
		<difficult>0</difficult>
		<occluded>0</occluded>
		<bndbox>
			<xmin>76</xmin>
			<xmax>229</xmax>
			<ymin>37</ymin>
			<ymax>157</ymax>
		</bndbox>
	</object>
</annotation>
