<annotation>
	<folder></folder>
	<filename>american_pit_bull_terrier_158_jpg.rf.6aedff2bfce9fd9b0653da2d419ddf40.jpg</filename>
	<path>american_pit_bull_terrier_158_jpg.rf.6aedff2bfce9fd9b0653da2d419ddf40.jpg</path>
	<source>
		<database>roboflow.ai</database>
	</source>
	<size>
		<width>190</width>
		<height>300</height>
		<depth>3</depth>
	</size>
	<segmented>0</segmented>
	<object>
		<name>dog</name>
		<pose>Unspecified</pose>
		<truncated>0</truncated>
		<difficult>0</difficult>
		<occluded>0</occluded>
		<bndbox>
			<xmin>20</xmin>
			<xmax>149</xmax>
			<ymin>9</ymin>
			<ymax>140</ymax>
		</bndbox>
	</object>
</annotation>
