<annotation>
	<folder></folder>
	<filename>american_bulldog_138_jpg.rf.0392e1fd6152c6235aa5daf2d2869420.jpg</filename>
	<path>american_bulldog_138_jpg.rf.0392e1fd6152c6235aa5daf2d2869420.jpg</path>
	<source>
		<database>roboflow.ai</database>
	</source>
	<size>
		<width>333</width>
		<height>500</height>
		<depth>3</depth>
	</size>
	<segmented>0</segmented>
	<object>
		<name>dog</name>
		<pose>Unspecified</pose>
		<truncated>0</truncated>
		<difficult>0</difficult>
		<occluded>0</occluded>
		<bndbox>
			<xmin>66</xmin>
			<xmax>224</xmax>
			<ymin>189</ymin>
			<ymax>315</ymax>
		</bndbox>
	</object>
</annotation>
