<annotation>
	<folder></folder>
	<filename>basset_hound_17_jpg.rf.53f7927637d65048e919f82ff9b64f1f.jpg</filename>
	<path>basset_hound_17_jpg.rf.53f7927637d65048e919f82ff9b64f1f.jpg</path>
	<source>
		<database>roboflow.ai</database>
	</source>
	<size>
		<width>500</width>
		<height>333</height>
		<depth>3</depth>
	</size>
	<segmented>0</segmented>
	<object>
		<name>dog</name>
		<pose>Unspecified</pose>
		<truncated>0</truncated>
		<difficult>0</difficult>
		<occluded>0</occluded>
		<bndbox>
			<xmin>223</xmin>
			<xmax>470</xmax>
			<ymin>58</ymin>
			<ymax>295</ymax>
		</bndbox>
	</object>
</annotation>
