<annotation>
	<folder></folder>
	<filename>beagle_153_jpg.rf.7eb9f01ae6a0ad0add2b0184a57ab0fe.jpg</filename>
	<path>beagle_153_jpg.rf.7eb9f01ae6a0ad0add2b0184a57ab0fe.jpg</path>
	<source>
		<database>roboflow.ai</database>
	</source>
	<size>
		<width>500</width>
		<height>378</height>
		<depth>3</depth>
	</size>
	<segmented>0</segmented>
	<object>
		<name>dog</name>
		<pose>Unspecified</pose>
		<truncated>0</truncated>
		<difficult>0</difficult>
		<occluded>0</occluded>
		<bndbox>
			<xmin>181</xmin>
			<xmax>325</xmax>
			<ymin>112</ymin>
			<ymax>233</ymax>
		</bndbox>
	</object>
</annotation>
