<annotation>
	<folder></folder>
	<filename>Birman_101_jpg.rf.735e2a5448d4ad64d3558ec99a7f01d7.jpg</filename>
	<path>Birman_101_jpg.rf.735e2a5448d4ad64d3558ec99a7f01d7.jpg</path>
	<source>
		<database>roboflow.ai</database>
	</source>
	<size>
		<width>500</width>
		<height>375</height>
		<depth>3</depth>
	</size>
	<segmented>0</segmented>
	<object>
		<name>cat</name>
		<pose>Unspecified</pose>
		<truncated>0</truncated>
		<difficult>0</difficult>
		<occluded>0</occluded>
		<bndbox>
			<xmin>169</xmin>
			<xmax>333</xmax>
			<ymin>74</ymin>
			<ymax>212</ymax>
		</bndbox>
	</object>
</annotation>
