<annotation>
	<folder></folder>
	<filename>Birman_117_jpg.rf.77853d78fb5389c807dc1bf24cd29093.jpg</filename>
	<path>Birman_117_jpg.rf.77853d78fb5389c807dc1bf24cd29093.jpg</path>
	<source>
		<database>roboflow.ai</database>
	</source>
	<size>
		<width>500</width>
		<height>383</height>
		<depth>3</depth>
	</size>
	<segmented>0</segmented>
	<object>
		<name>cat</name>
		<pose>Unspecified</pose>
		<truncated>0</truncated>
		<difficult>0</difficult>
		<occluded>0</occluded>
		<bndbox>
			<xmin>129</xmin>
			<xmax>410</xmax>
			<ymin>7</ymin>
			<ymax>273</ymax>
		</bndbox>
	</object>
</annotation>
