<annotation>
	<folder></folder>
	<filename>Bombay_180_jpg.rf.4c8eba5dce37e82a18a979689c1f8d0b.jpg</filename>
	<path>Bombay_180_jpg.rf.4c8eba5dce37e82a18a979689c1f8d0b.jpg</path>
	<source>
		<database>roboflow.ai</database>
	</source>
	<size>
		<width>373</width>
		<height>286</height>
		<depth>3</depth>
	</size>
	<segmented>0</segmented>
	<object>
		<name>cat</name>
		<pose>Unspecified</pose>
		<truncated>0</truncated>
		<difficult>0</difficult>
		<occluded>0</occluded>
		<bndbox>
			<xmin>199</xmin>
			<xmax>308</xmax>
			<ymin>49</ymin>
			<ymax>162</ymax>
		</bndbox>
	</object>
</annotation>
