<annotation>
	<folder></folder>
	<filename>Bombay_184_jpg.rf.b9b9b5851a161c8dcf10b61526a182cc.jpg</filename>
	<path>Bombay_184_jpg.rf.b9b9b5851a161c8dcf10b61526a182cc.jpg</path>
	<source>
		<database>roboflow.ai</database>
	</source>
	<size>
		<width>500</width>
		<height>425</height>
		<depth>3</depth>
	</size>
	<segmented>0</segmented>
	<object>
		<name>cat</name>
		<pose>Unspecified</pose>
		<truncated>0</truncated>
		<difficult>0</difficult>
		<occluded>0</occluded>
		<bndbox>
			<xmin>210</xmin>
			<xmax>327</xmax>
			<ymin>120</ymin>
			<ymax>245</ymax>
		</bndbox>
	</object>
</annotation>
