<annotation>
	<folder></folder>
	<filename>Bombay_141_jpg.rf.cd724bce4f18433e2cd0ea7ee1edbda8.jpg</filename>
	<path>Bombay_141_jpg.rf.cd724bce4f18433e2cd0ea7ee1edbda8.jpg</path>
	<source>
		<database>roboflow.ai</database>
	</source>
	<size>
		<width>333</width>
		<height>500</height>
		<depth>3</depth>
	</size>
	<segmented>0</segmented>
	<object>
		<name>cat</name>
		<pose>Unspecified</pose>
		<truncated>0</truncated>
		<difficult>0</difficult>
		<occluded>0</occluded>
		<bndbox>
			<xmin>58</xmin>
			<xmax>333</xmax>
			<ymin>103</ymin>
			<ymax>369</ymax>
		</bndbox>
	</object>
</annotation>
