<annotation>
	<folder></folder>
	<filename>Bombay_110_jpg.rf.54c4f5f1fe3082b82d72c21545398a40.jpg</filename>
	<path>Bombay_110_jpg.rf.54c4f5f1fe3082b82d72c21545398a40.jpg</path>
	<source>
		<database>roboflow.ai</database>
	</source>
	<size>
		<width>750</width>
		<height>1125</height>
		<depth>3</depth>
	</size>
	<segmented>0</segmented>
	<object>
		<name>cat</name>
		<pose>Unspecified</pose>
		<truncated>0</truncated>
		<difficult>0</difficult>
		<occluded>0</occluded>
		<bndbox>
			<xmin>384</xmin>
			<xmax>610</xmax>
			<ymin>230</ymin>
			<ymax>470</ymax>
		</bndbox>
	</object>
</annotation>
