<annotation>
	<folder></folder>
	<filename>boxer_180_jpg.rf.5bd311d0a740844c59eb601f5e49730f.jpg</filename>
	<path>boxer_180_jpg.rf.5bd311d0a740844c59eb601f5e49730f.jpg</path>
	<source>
		<database>roboflow.ai</database>
	</source>
	<size>
		<width>500</width>
		<height>333</height>
		<depth>3</depth>
	</size>
	<segmented>0</segmented>
	<object>
		<name>dog</name>
		<pose>Unspecified</pose>
		<truncated>0</truncated>
		<difficult>0</difficult>
		<occluded>0</occluded>
		<bndbox>
			<xmin>179</xmin>
			<xmax>393</xmax>
			<ymin>28</ymin>
			<ymax>219</ymax>
		</bndbox>
	</object>
</annotation>
