<annotation>
	<folder></folder>
	<filename>boxer_186_jpg.rf.5458c955598dbba6ae8154252be3d974.jpg</filename>
	<path>boxer_186_jpg.rf.5458c955598dbba6ae8154252be3d974.jpg</path>
	<source>
		<database>roboflow.ai</database>
	</source>
	<size>
		<width>500</width>
		<height>281</height>
		<depth>3</depth>
	</size>
	<segmented>0</segmented>
	<object>
		<name>dog</name>
		<pose>Unspecified</pose>
		<truncated>0</truncated>
		<difficult>0</difficult>
		<occluded>0</occluded>
		<bndbox>
			<xmin>202</xmin>
			<xmax>322</xmax>
			<ymin>88</ymin>
			<ymax>254</ymax>
		</bndbox>
	</object>
</annotation>
