<annotation>
	<folder></folder>
	<filename>British_Shorthair_148_jpg.rf.d93f2ac6793770e1ce74a93a88ba73f8.jpg</filename>
	<path>British_Shorthair_148_jpg.rf.d93f2ac6793770e1ce74a93a88ba73f8.jpg</path>
	<source>
		<database>roboflow.ai</database>
	</source>
	<size>
		<width>500</width>
		<height>281</height>
		<depth>3</depth>
	</size>
	<segmented>0</segmented>
	<object>
		<name>cat</name>
		<pose>Unspecified</pose>
		<truncated>0</truncated>
		<difficult>0</difficult>
		<occluded>0</occluded>
		<bndbox>
			<xmin>205</xmin>
			<xmax>277</xmax>
			<ymin>46</ymin>
			<ymax>115</ymax>
		</bndbox>
	</object>
</annotation>
