<annotation>
	<folder></folder>
	<filename>British_Shorthair_100_jpg.rf.0de7f2cb73d31fe66291916b2c877ea8.jpg</filename>
	<path>British_Shorthair_100_jpg.rf.0de7f2cb73d31fe66291916b2c877ea8.jpg</path>
	<source>
		<database>roboflow.ai</database>
	</source>
	<size>
		<width>500</width>
		<height>332</height>
		<depth>3</depth>
	</size>
	<segmented>0</segmented>
	<object>
		<name>cat</name>
		<pose>Unspecified</pose>
		<truncated>0</truncated>
		<difficult>0</difficult>
		<occluded>0</occluded>
		<bndbox>
			<xmin>201</xmin>
			<xmax>348</xmax>
			<ymin>60</ymin>
			<ymax>213</ymax>
		</bndbox>
	</object>
</annotation>
