<annotation>
	<folder></folder>
	<filename>chihuahua_165_jpg.rf.356d006517863c904b2730949a3a4aad.jpg</filename>
	<path>chihuahua_165_jpg.rf.356d006517863c904b2730949a3a4aad.jpg</path>
	<source>
		<database>roboflow.ai</database>
	</source>
	<size>
		<width>300</width>
		<height>224</height>
		<depth>3</depth>
	</size>
	<segmented>0</segmented>
	<object>
		<name>dog</name>
		<pose>Unspecified</pose>
		<truncated>0</truncated>
		<difficult>0</difficult>
		<occluded>0</occluded>
		<bndbox>
			<xmin>44</xmin>
			<xmax>175</xmax>
			<ymin>21</ymin>
			<ymax>144</ymax>
		</bndbox>
	</object>
</annotation>
