<annotation>
	<folder></folder>
	<filename>Egyptian_Mau_142_jpg.rf.3f1099264353c3ba1870d82b8209dc75.jpg</filename>
	<path>Egyptian_Mau_142_jpg.rf.3f1099264353c3ba1870d82b8209dc75.jpg</path>
	<source>
		<database>roboflow.ai</database>
	</source>
	<size>
		<width>360</width>
		<height>270</height>
		<depth>3</depth>
	</size>
	<segmented>0</segmented>
	<object>
		<name>cat</name>
		<pose>Unspecified</pose>
		<truncated>0</truncated>
		<difficult>0</difficult>
		<occluded>0</occluded>
		<bndbox>
			<xmin>144</xmin>
			<xmax>221</xmax>
			<ymin>81</ymin>
			<ymax>161</ymax>
		</bndbox>
	</object>
</annotation>
