<annotation>
	<folder></folder>
	<filename>Egyptian_Mau_187_jpg.rf.b194d2d667551b5959aafb381b8b1486.jpg</filename>
	<path>Egyptian_Mau_187_jpg.rf.b194d2d667551b5959aafb381b8b1486.jpg</path>
	<source>
		<database>roboflow.ai</database>
	</source>
	<size>
		<width>1138</width>
		<height>1734</height>
		<depth>3</depth>
	</size>
	<segmented>0</segmented>
	<object>
		<name>cat</name>
		<pose>Unspecified</pose>
		<truncated>0</truncated>
		<difficult>0</difficult>
		<occluded>0</occluded>
		<bndbox>
			<xmin>488</xmin>
			<xmax>845</xmax>
			<ymin>251</ymin>
			<ymax>623</ymax>
		</bndbox>
	</object>
</annotation>
