<annotation>
	<folder></folder>
	<filename>english_cocker_spaniel_156_jpg.rf.92b275477e17af3a0fadd6b0c9370f41.jpg</filename>
	<path>english_cocker_spaniel_156_jpg.rf.92b275477e17af3a0fadd6b0c9370f41.jpg</path>
	<source>
		<database>roboflow.ai</database>
	</source>
	<size>
		<width>500</width>
		<height>375</height>
		<depth>3</depth>
	</size>
	<segmented>0</segmented>
	<object>
		<name>dog</name>
		<pose>Unspecified</pose>
		<truncated>0</truncated>
		<difficult>0</difficult>
		<occluded>0</occluded>
		<bndbox>
			<xmin>207</xmin>
			<xmax>327</xmax>
			<ymin>58</ymin>
			<ymax>168</ymax>
		</bndbox>
	</object>
</annotation>
