<annotation>
	<folder></folder>
	<filename>english_cocker_spaniel_151_jpg.rf.3fdbe558df387bcb3f0785ef39bc032c.jpg</filename>
	<path>english_cocker_spaniel_151_jpg.rf.3fdbe558df387bcb3f0785ef39bc032c.jpg</path>
	<source>
		<database>roboflow.ai</database>
	</source>
	<size>
		<width>327</width>
		<height>500</height>
		<depth>3</depth>
	</size>
	<segmented>0</segmented>
	<object>
		<name>dog</name>
		<pose>Unspecified</pose>
		<truncated>0</truncated>
		<difficult>0</difficult>
		<occluded>0</occluded>
		<bndbox>
			<xmin>70</xmin>
			<xmax>292</xmax>
			<ymin>23</ymin>
			<ymax>213</ymax>
		</bndbox>
	</object>
</annotation>
