<annotation>
	<folder></folder>
	<filename>german_shorthaired_177_jpg.rf.f49090898640146aeac114e29fb7ed43.jpg</filename>
	<path>german_shorthaired_177_jpg.rf.f49090898640146aeac114e29fb7ed43.jpg</path>
	<source>
		<database>roboflow.ai</database>
	</source>
	<size>
		<width>500</width>
		<height>333</height>
		<depth>3</depth>
	</size>
	<segmented>0</segmented>
	<object>
		<name>dog</name>
		<pose>Unspecified</pose>
		<truncated>0</truncated>
		<difficult>0</difficult>
		<occluded>0</occluded>
		<bndbox>
			<xmin>220</xmin>
			<xmax>370</xmax>
			<ymin>25</ymin>
			<ymax>204</ymax>
		</bndbox>
	</object>
</annotation>
