<annotation>
	<folder></folder>
	<filename>german_shorthaired_132_jpg.rf.cb905b31d585843dd92305496fa4f748.jpg</filename>
	<path>german_shorthaired_132_jpg.rf.cb905b31d585843dd92305496fa4f748.jpg</path>
	<source>
		<database>roboflow.ai</database>
	</source>
	<size>
		<width>500</width>
		<height>333</height>
		<depth>3</depth>
	</size>
	<segmented>0</segmented>
	<object>
		<name>dog</name>
		<pose>Unspecified</pose>
		<truncated>0</truncated>
		<difficult>0</difficult>
		<occluded>0</occluded>
		<bndbox>
			<xmin>201</xmin>
			<xmax>345</xmax>
			<ymin>147</ymin>
			<ymax>287</ymax>
		</bndbox>
	</object>
</annotation>
