<annotation>
	<folder></folder>
	<filename>german_shorthaired_152_jpg.rf.8b4cbe048c771512319492cbb1fa0b64.jpg</filename>
	<path>german_shorthaired_152_jpg.rf.8b4cbe048c771512319492cbb1fa0b64.jpg</path>
	<source>
		<database>roboflow.ai</database>
	</source>
	<size>
		<width>333</width>
		<height>500</height>
		<depth>3</depth>
	</size>
	<segmented>0</segmented>
	<object>
		<name>dog</name>
		<pose>Unspecified</pose>
		<truncated>0</truncated>
		<difficult>0</difficult>
		<occluded>0</occluded>
		<bndbox>
			<xmin>73</xmin>
			<xmax>287</xmax>
			<ymin>154</ymin>
			<ymax>303</ymax>
		</bndbox>
	</object>
</annotation>
