<annotation>
	<folder></folder>
	<filename>great_pyrenees_120_jpg.rf.b848cbd5acd83a6250705d1224fd9c32.jpg</filename>
	<path>great_pyrenees_120_jpg.rf.b848cbd5acd83a6250705d1224fd9c32.jpg</path>
	<source>
		<database>roboflow.ai</database>
	</source>
	<size>
		<width>500</width>
		<height>419</height>
		<depth>3</depth>
	</size>
	<segmented>0</segmented>
	<object>
		<name>dog</name>
		<pose>Unspecified</pose>
		<truncated>0</truncated>
		<difficult>0</difficult>
		<occluded>0</occluded>
		<bndbox>
			<xmin>47</xmin>
			<xmax>236</xmax>
			<ymin>33</ymin>
			<ymax>205</ymax>
		</bndbox>
	</object>
</annotation>
