<annotation>
	<folder></folder>
	<filename>great_pyrenees_104_jpg.rf.6b900261985e98f780133bc677e891a5.jpg</filename>
	<path>great_pyrenees_104_jpg.rf.6b900261985e98f780133bc677e891a5.jpg</path>
	<source>
		<database>roboflow.ai</database>
	</source>
	<size>
		<width>500</width>
		<height>396</height>
		<depth>3</depth>
	</size>
	<segmented>0</segmented>
	<object>
		<name>dog</name>
		<pose>Unspecified</pose>
		<truncated>0</truncated>
		<difficult>0</difficult>
		<occluded>0</occluded>
		<bndbox>
			<xmin>24</xmin>
			<xmax>322</xmax>
			<ymin>47</ymin>
			<ymax>339</ymax>
		</bndbox>
	</object>
</annotation>
