<annotation>
	<folder></folder>
	<filename>great_pyrenees_145_jpg.rf.ae5a8125ca9fbadbbd0b87cd74035e5f.jpg</filename>
	<path>great_pyrenees_145_jpg.rf.ae5a8125ca9fbadbbd0b87cd74035e5f.jpg</path>
	<source>
		<database>roboflow.ai</database>
	</source>
	<size>
		<width>500</width>
		<height>333</height>
		<depth>3</depth>
	</size>
	<segmented>0</segmented>
	<object>
		<name>dog</name>
		<pose>Unspecified</pose>
		<truncated>0</truncated>
		<difficult>0</difficult>
		<occluded>0</occluded>
		<bndbox>
			<xmin>130</xmin>
			<xmax>344</xmax>
			<ymin>39</ymin>
			<ymax>267</ymax>
		</bndbox>
	</object>
</annotation>
