<annotation>
	<folder></folder>
	<filename>keeshond_172_jpg.rf.d6bac473380437d6ab7335a353f9335c.jpg</filename>
	<path>keeshond_172_jpg.rf.d6bac473380437d6ab7335a353f9335c.jpg</path>
	<source>
		<database>roboflow.ai</database>
	</source>
	<size>
		<width>500</width>
		<height>333</height>
		<depth>3</depth>
	</size>
	<segmented>0</segmented>
	<object>
		<name>dog</name>
		<pose>Unspecified</pose>
		<truncated>0</truncated>
		<difficult>0</difficult>
		<occluded>0</occluded>
		<bndbox>
			<xmin>168</xmin>
			<xmax>306</xmax>
			<ymin>48</ymin>
			<ymax>206</ymax>
		</bndbox>
	</object>
</annotation>
