<annotation>
	<folder></folder>
	<filename>keeshond_123_jpg.rf.2ae736ffdc9805386d48beea352d196a.jpg</filename>
	<path>keeshond_123_jpg.rf.2ae736ffdc9805386d48beea352d196a.jpg</path>
	<source>
		<database>roboflow.ai</database>
	</source>
	<size>
		<width>500</width>
		<height>333</height>
		<depth>3</depth>
	</size>
	<segmented>0</segmented>
	<object>
		<name>dog</name>
		<pose>Unspecified</pose>
		<truncated>0</truncated>
		<difficult>0</difficult>
		<occluded>0</occluded>
		<bndbox>
			<xmin>185</xmin>
			<xmax>401</xmax>
			<ymin>22</ymin>
			<ymax>236</ymax>
		</bndbox>
	</object>
</annotation>
