<annotation>
	<folder></folder>
	<filename>keeshond_146_jpg.rf.7cf802924fc90b1db42b9893b8ef5aa8.jpg</filename>
	<path>keeshond_146_jpg.rf.7cf802924fc90b1db42b9893b8ef5aa8.jpg</path>
	<source>
		<database>roboflow.ai</database>
	</source>
	<size>
		<width>500</width>
		<height>333</height>
		<depth>3</depth>
	</size>
	<segmented>0</segmented>
	<object>
		<name>dog</name>
		<pose>Unspecified</pose>
		<truncated>0</truncated>
		<difficult>0</difficult>
		<occluded>0</occluded>
		<bndbox>
			<xmin>160</xmin>
			<xmax>390</xmax>
			<ymin>1</ymin>
			<ymax>294</ymax>
		</bndbox>
	</object>
</annotation>
