<annotation>
	<folder></folder>
	<filename>keeshond_132_jpg.rf.9d434d1ecc77c002993e65827cc65c31.jpg</filename>
	<path>keeshond_132_jpg.rf.9d434d1ecc77c002993e65827cc65c31.jpg</path>
	<source>
		<database>roboflow.ai</database>
	</source>
	<size>
		<width>500</width>
		<height>375</height>
		<depth>3</depth>
	</size>
	<segmented>0</segmented>
	<object>
		<name>dog</name>
		<pose>Unspecified</pose>
		<truncated>0</truncated>
		<difficult>0</difficult>
		<occluded>0</occluded>
		<bndbox>
			<xmin>127</xmin>
			<xmax>333</xmax>
			<ymin>26</ymin>
			<ymax>305</ymax>
		</bndbox>
	</object>
</annotation>
