<annotation>
	<folder></folder>
	<filename>leonberger_183_jpg.rf.ad267617e92886d70479f7e13da20230.jpg</filename>
	<path>leonberger_183_jpg.rf.ad267617e92886d70479f7e13da20230.jpg</path>
	<source>
		<database>roboflow.ai</database>
	</source>
	<size>
		<width>500</width>
		<height>375</height>
		<depth>3</depth>
	</size>
	<segmented>0</segmented>
	<object>
		<name>dog</name>
		<pose>Unspecified</pose>
		<truncated>0</truncated>
		<difficult>0</difficult>
		<occluded>0</occluded>
		<bndbox>
			<xmin>226</xmin>
			<xmax>373</xmax>
			<ymin>78</ymin>
			<ymax>201</ymax>
		</bndbox>
	</object>
</annotation>
