<annotation>
	<folder></folder>
	<filename>Maine_Coon_133_jpg.rf.d4ebc00c49d9ecef8ab9ae7d5ac3bd96.jpg</filename>
	<path>Maine_Coon_133_jpg.rf.d4ebc00c49d9ecef8ab9ae7d5ac3bd96.jpg</path>
	<source>
		<database>roboflow.ai</database>
	</source>
	<size>
		<width>497</width>
		<height>500</height>
		<depth>3</depth>
	</size>
	<segmented>0</segmented>
	<object>
		<name>cat</name>
		<pose>Unspecified</pose>
		<truncated>0</truncated>
		<difficult>0</difficult>
		<occluded>0</occluded>
		<bndbox>
			<xmin>77</xmin>
			<xmax>217</xmax>
			<ymin>26</ymin>
			<ymax>182</ymax>
		</bndbox>
	</object>
</annotation>
