<annotation>
	<folder></folder>
	<filename>miniature_pinscher_145_jpg.rf.37bba6eac2c6ef5762be9f1d148c09af.jpg</filename>
	<path>miniature_pinscher_145_jpg.rf.37bba6eac2c6ef5762be9f1d148c09af.jpg</path>
	<source>
		<database>roboflow.ai</database>
	</source>
	<size>
		<width>300</width>
		<height>220</height>
		<depth>3</depth>
	</size>
	<segmented>0</segmented>
	<object>
		<name>dog</name>
		<pose>Unspecified</pose>
		<truncated>0</truncated>
		<difficult>0</difficult>
		<occluded>0</occluded>
		<bndbox>
			<xmin>93</xmin>
			<xmax>288</xmax>
			<ymin>49</ymin>
			<ymax>188</ymax>
		</bndbox>
	</object>
</annotation>
