<annotation>
	<folder></folder>
	<filename>Persian_153_jpg.rf.c78a364707092124c31918732b599277.jpg</filename>
	<path>Persian_153_jpg.rf.c78a364707092124c31918732b599277.jpg</path>
	<source>
		<database>roboflow.ai</database>
	</source>
	<size>
		<width>375</width>
		<height>500</height>
		<depth>3</depth>
	</size>
	<segmented>0</segmented>
	<object>
		<name>cat</name>
		<pose>Unspecified</pose>
		<truncated>0</truncated>
		<difficult>0</difficult>
		<occluded>0</occluded>
		<bndbox>
			<xmin>120</xmin>
			<xmax>240</xmax>
			<ymin>92</ymin>
			<ymax>224</ymax>
		</bndbox>
	</object>
</annotation>
