<annotation>
	<folder></folder>
	<filename>pomeranian_179_jpg.rf.64decaee034ef752263a61d842dcc51c.jpg</filename>
	<path>pomeranian_179_jpg.rf.64decaee034ef752263a61d842dcc51c.jpg</path>
	<source>
		<database>roboflow.ai</database>
	</source>
	<size>
		<width>300</width>
		<height>225</height>
		<depth>3</depth>
	</size>
	<segmented>0</segmented>
	<object>
		<name>dog</name>
		<pose>Unspecified</pose>
		<truncated>0</truncated>
		<difficult>0</difficult>
		<occluded>0</occluded>
		<bndbox>
			<xmin>68</xmin>
			<xmax>203</xmax>
			<ymin>1</ymin>
			<ymax>156</ymax>
		</bndbox>
	</object>
</annotation>
