<annotation>
	<folder></folder>
	<filename>pug_116_jpg.rf.40076cee2c5488a830526469bb3a89b9.jpg</filename>
	<path>pug_116_jpg.rf.40076cee2c5488a830526469bb3a89b9.jpg</path>
	<source>
		<database>roboflow.ai</database>
	</source>
	<size>
		<width>500</width>
		<height>333</height>
		<depth>3</depth>
	</size>
	<segmented>0</segmented>
	<object>
		<name>dog</name>
		<pose>Unspecified</pose>
		<truncated>0</truncated>
		<difficult>0</difficult>
		<occluded>0</occluded>
		<bndbox>
			<xmin>124</xmin>
			<xmax>375</xmax>
			<ymin>4</ymin>
			<ymax>242</ymax>
		</bndbox>
	</object>
</annotation>
