<annotation>
	<folder></folder>
	<filename>Ragdoll_168_jpg.rf.969735f6c9b0f880a78feb12ad6de700.jpg</filename>
	<path>Ragdoll_168_jpg.rf.969735f6c9b0f880a78feb12ad6de700.jpg</path>
	<source>
		<database>roboflow.ai</database>
	</source>
	<size>
		<width>422</width>
		<height>500</height>
		<depth>3</depth>
	</size>
	<segmented>0</segmented>
	<object>
		<name>cat</name>
		<pose>Unspecified</pose>
		<truncated>0</truncated>
		<difficult>0</difficult>
		<occluded>0</occluded>
		<bndbox>
			<xmin>150</xmin>
			<xmax>367</xmax>
			<ymin>44</ymin>
			<ymax>221</ymax>
		</bndbox>
	</object>
</annotation>
