<annotation>
	<folder></folder>
	<filename>Russian_Blue_14_jpg.rf.994621488b95483efe559e5cd49566b4.jpg</filename>
	<path>Russian_Blue_14_jpg.rf.994621488b95483efe559e5cd49566b4.jpg</path>
	<source>
		<database>roboflow.ai</database>
	</source>
	<size>
		<width>500</width>
		<height>333</height>
		<depth>3</depth>
	</size>
	<segmented>0</segmented>
	<object>
		<name>cat</name>
		<pose>Unspecified</pose>
		<truncated>0</truncated>
		<difficult>0</difficult>
		<occluded>0</occluded>
		<bndbox>
			<xmin>213</xmin>
			<xmax>419</xmax>
			<ymin>1</ymin>
			<ymax>160</ymax>
		</bndbox>
	</object>
</annotation>
