<annotation>
	<folder></folder>
	<filename>Russian_Blue_108_jpg.rf.e53e2b608a51c6286c63a4cba3b2b2a8.jpg</filename>
	<path>Russian_Blue_108_jpg.rf.e53e2b608a51c6286c63a4cba3b2b2a8.jpg</path>
	<source>
		<database>roboflow.ai</database>
	</source>
	<size>
		<width>281</width>
		<height>500</height>
		<depth>3</depth>
	</size>
	<segmented>0</segmented>
	<object>
		<name>cat</name>
		<pose>Unspecified</pose>
		<truncated>0</truncated>
		<difficult>0</difficult>
		<occluded>0</occluded>
		<bndbox>
			<xmin>1</xmin>
			<xmax>200</xmax>
			<ymin>66</ymin>
			<ymax>279</ymax>
		</bndbox>
	</object>
</annotation>
