<annotation>
	<folder></folder>
	<filename>saint_bernard_153_jpg.rf.c0b6ab9673de2a04ffe48ab2698cec69.jpg</filename>
	<path>saint_bernard_153_jpg.rf.c0b6ab9673de2a04ffe48ab2698cec69.jpg</path>
	<source>
		<database>roboflow.ai</database>
	</source>
	<size>
		<width>500</width>
		<height>335</height>
		<depth>3</depth>
	</size>
	<segmented>0</segmented>
	<object>
		<name>dog</name>
		<pose>Unspecified</pose>
		<truncated>0</truncated>
		<difficult>0</difficult>
		<occluded>0</occluded>
		<bndbox>
			<xmin>160</xmin>
			<xmax>337</xmax>
			<ymin>61</ymin>
			<ymax>248</ymax>
		</bndbox>
	</object>
</annotation>
