<annotation>
	<folder></folder>
	<filename>samoyed_101_jpg.rf.499d6e447ea3ab4a9e08f5fd4806c800.jpg</filename>
	<path>samoyed_101_jpg.rf.499d6e447ea3ab4a9e08f5fd4806c800.jpg</path>
	<source>
		<database>roboflow.ai</database>
	</source>
	<size>
		<width>500</width>
		<height>375</height>
		<depth>3</depth>
	</size>
	<segmented>0</segmented>
	<object>
		<name>dog</name>
		<pose>Unspecified</pose>
		<truncated>0</truncated>
		<difficult>0</difficult>
		<occluded>0</occluded>
		<bndbox>
			<xmin>170</xmin>
			<xmax>222</xmax>
			<ymin>87</ymin>
			<ymax>159</ymax>
		</bndbox>
	</object>
</annotation>
