<annotation>
	<folder></folder>
	<filename>scottish_terrier_187_jpg.rf.2b5e996fb3ff1698288c264537427b5a.jpg</filename>
	<path>scottish_terrier_187_jpg.rf.2b5e996fb3ff1698288c264537427b5a.jpg</path>
	<source>
		<database>roboflow.ai</database>
	</source>
	<size>
		<width>333</width>
		<height>500</height>
		<depth>3</depth>
	</size>
	<segmented>0</segmented>
	<object>
		<name>dog</name>
		<pose>Unspecified</pose>
		<truncated>0</truncated>
		<difficult>0</difficult>
		<occluded>0</occluded>
		<bndbox>
			<xmin>29</xmin>
			<xmax>238</xmax>
			<ymin>12</ymin>
			<ymax>243</ymax>
		</bndbox>
	</object>
</annotation>
