<annotation>
	<folder></folder>
	<filename>shiba_inu_114_jpg.rf.85c7c831d388bb0e4b2facf0876a8f93.jpg</filename>
	<path>shiba_inu_114_jpg.rf.85c7c831d388bb0e4b2facf0876a8f93.jpg</path>
	<source>
		<database>roboflow.ai</database>
	</source>
	<size>
		<width>500</width>
		<height>447</height>
		<depth>3</depth>
	</size>
	<segmented>0</segmented>
	<object>
		<name>dog</name>
		<pose>Unspecified</pose>
		<truncated>0</truncated>
		<difficult>0</difficult>
		<occluded>0</occluded>
		<bndbox>
			<xmin>249</xmin>
			<xmax>308</xmax>
			<ymin>147</ymin>
			<ymax>206</ymax>
		</bndbox>
	</object>
</annotation>
