<annotation>
	<folder></folder>
	<filename>Siamese_157_jpg.rf.b93faea16b7025795da979d44c83c000.jpg</filename>
	<path>Siamese_157_jpg.rf.b93faea16b7025795da979d44c83c000.jpg</path>
	<source>
		<database>roboflow.ai</database>
	</source>
	<size>
		<width>500</width>
		<height>375</height>
		<depth>3</depth>
	</size>
	<segmented>0</segmented>
	<object>
		<name>cat</name>
		<pose>Unspecified</pose>
		<truncated>0</truncated>
		<difficult>0</difficult>
		<occluded>0</occluded>
		<bndbox>
			<xmin>157</xmin>
			<xmax>353</xmax>
			<ymin>10</ymin>
			<ymax>241</ymax>
		</bndbox>
	</object>
</annotation>
