<annotation>
	<folder></folder>
	<filename>Siamese_127_jpg.rf.85c5339f4cefaac408d8b902d8aba4ec.jpg</filename>
	<path>Siamese_127_jpg.rf.85c5339f4cefaac408d8b902d8aba4ec.jpg</path>
	<source>
		<database>roboflow.ai</database>
	</source>
	<size>
		<width>500</width>
		<height>334</height>
		<depth>3</depth>
	</size>
	<segmented>0</segmented>
	<object>
		<name>cat</name>
		<pose>Unspecified</pose>
		<truncated>0</truncated>
		<difficult>0</difficult>
		<occluded>0</occluded>
		<bndbox>
			<xmin>275</xmin>
			<xmax>435</xmax>
			<ymin>28</ymin>
			<ymax>222</ymax>
		</bndbox>
	</object>
</annotation>
