<annotation>
	<folder></folder>
	<filename>Sphynx_185_jpg.rf.a882ca33a292b5278e423a297b514b5b.jpg</filename>
	<path>Sphynx_185_jpg.rf.a882ca33a292b5278e423a297b514b5b.jpg</path>
	<source>
		<database>roboflow.ai</database>
	</source>
	<size>
		<width>375</width>
		<height>500</height>
		<depth>3</depth>
	</size>
	<segmented>0</segmented>
	<object>
		<name>cat</name>
		<pose>Unspecified</pose>
		<truncated>0</truncated>
		<difficult>0</difficult>
		<occluded>0</occluded>
		<bndbox>
			<xmin>60</xmin>
			<xmax>303</xmax>
			<ymin>65</ymin>
			<ymax>308</ymax>
		</bndbox>
	</object>
</annotation>
