<annotation>
	<folder></folder>
	<filename>staffordshire_bull_terrier_136_jpg.rf.537820b1b3a3d9feb8e9c55ad3260a4b.jpg</filename>
	<path>staffordshire_bull_terrier_136_jpg.rf.537820b1b3a3d9feb8e9c55ad3260a4b.jpg</path>
	<source>
		<database>roboflow.ai</database>
	</source>
	<size>
		<width>500</width>
		<height>375</height>
		<depth>3</depth>
	</size>
	<segmented>0</segmented>
	<object>
		<name>dog</name>
		<pose>Unspecified</pose>
		<truncated>0</truncated>
		<difficult>0</difficult>
		<occluded>0</occluded>
		<bndbox>
			<xmin>140</xmin>
			<xmax>459</xmax>
			<ymin>44</ymin>
			<ymax>278</ymax>
		</bndbox>
	</object>
</annotation>
