<annotation>
	<folder></folder>
	<filename>yorkshire_terrier_148_jpg.rf.f895f30cd12c837b2b62509a21d715ca.jpg</filename>
	<path>yorkshire_terrier_148_jpg.rf.f895f30cd12c837b2b62509a21d715ca.jpg</path>
	<source>
		<database>roboflow.ai</database>
	</source>
	<size>
		<width>300</width>
		<height>225</height>
		<depth>3</depth>
	</size>
	<segmented>0</segmented>
	<object>
		<name>dog</name>
		<pose>Unspecified</pose>
		<truncated>0</truncated>
		<difficult>0</difficult>
		<occluded>0</occluded>
		<bndbox>
			<xmin>76</xmin>
			<xmax>177</xmax>
			<ymin>49</ymin>
			<ymax>109</ymax>
		</bndbox>
	</object>
</annotation>
