<annotation>
  <folder>american</folder>
  <filename>american_bulldog_101.jpg</filename>
  <source>
    <database>Unknown</database>
    <annotation>Unknown</annotation>
    <image>Unknown</image>
  </source>
  <size>
    <width>500</width>
    <height>334</height>
    <depth></depth>
  </size>
  <segmented>0</segmented>
  <object>
    <name>dog</name>
    <truncated>0</truncated>
    <occluded>0</occluded>
    <difficult>0</difficult>
    <bndbox>
      <xmin>165.06</xmin>
      <ymin>33.39</ymin>
      <xmax>322.26</xmax>
      <ymax>178.96999999999997</ymax>
    </bndbox>
    <attributes>
      <attribute>
        <name>rotation</name>
        <value>0.0</value>
      </attribute>
    </attributes>
  </object>
</annotation>
