<annotation>
  <folder>basset</folder>
  <filename>basset_hound_14.jpg</filename>
  <source>
    <database>Unknown</database>
    <annotation>Unknown</annotation>
    <image>Unknown</image>
  </source>
  <size>
    <width>500</width>
    <height>333</height>
    <depth></depth>
  </size>
  <segmented>0</segmented>
  <object>
    <name>dog</name>
    <truncated>0</truncated>
    <occluded>0</occluded>
    <difficult>0</difficult>
    <bndbox>
      <xmin>70.09</xmin>
      <ymin>10.12</ymin>
      <xmax>479.1</xmax>
      <ymax>263.85</ymax>
    </bndbox>
    <attributes>
      <attribute>
        <name>rotation</name>
        <value>0.0</value>
      </attribute>
    </attributes>
  </object>
</annotation>
