<annotation>
  <folder>Birman</folder>
  <filename>Birman_121.jpg</filename>
  <source>
    <database>Unknown</database>
    <annotation>Unknown</annotation>
    <image>Unknown</image>
  </source>
  <size>
    <width>500</width>
    <height>333</height>
    <depth></depth>
  </size>
  <segmented>0</segmented>
  <object>
    <name>cat</name>
    <truncated>0</truncated>
    <occluded>0</occluded>
    <difficult>0</difficult>
    <bndbox>
      <xmin>147.91</xmin>
      <ymin>7.95</ymin>
      <xmax>416.49</xmax>
      <ymax>236.7</ymax>
    </bndbox>
    <attributes>
      <attribute>
        <name>rotation</name>
        <value>0.0</value>
      </attribute>
    </attributes>
  </object>
</annotation>
