<annotation>
  <folder>British</folder>
  <filename>British_Shorthair_133.jpg</filename>
  <source>
    <database>Unknown</database>
    <annotation>Unknown</annotation>
    <image>Unknown</image>
  </source>
  <size>
    <width>500</width>
    <height>335</height>
    <depth></depth>
  </size>
  <segmented>0</segmented>
  <object>
    <name>cat</name>
    <truncated>0</truncated>
    <occluded>0</occluded>
    <difficult>0</difficult>
    <bndbox>
      <xmin>132.02</xmin>
      <ymin>0.0</ymin>
      <xmax>375.26</xmax>
      <ymax>222.1</ymax>
    </bndbox>
    <attributes>
      <attribute>
        <name>rotation</name>
        <value>0.0</value>
      </attribute>
    </attributes>
  </object>
</annotation>
