<annotation>
  <folder>great</folder>
  <filename>great_pyrenees_131.jpg</filename>
  <source>
    <database>Unknown</database>
    <annotation>Unknown</annotation>
    <image>Unknown</image>
  </source>
  <size>
    <width>500</width>
    <height>405</height>
    <depth></depth>
  </size>
  <segmented>0</segmented>
  <object>
    <name>dog</name>
    <truncated>0</truncated>
    <occluded>0</occluded>
    <difficult>0</difficult>
    <bndbox>
      <xmin>124.53</xmin>
      <ymin>22.89</ymin>
      <xmax>279.05</xmax>
      <ymax>194.13</ymax>
    </bndbox>
    <attributes>
      <attribute>
        <name>rotation</name>
        <value>0.0</value>
      </attribute>
    </attributes>
  </object>
</annotation>
