<annotation>
  <folder>havanese</folder>
  <filename>havanese_142.jpg</filename>
  <source>
    <database>Unknown</database>
    <annotation>Unknown</annotation>
    <image>Unknown</image>
  </source>
  <size>
    <width>500</width>
    <height>311</height>
    <depth></depth>
  </size>
  <segmented>0</segmented>
  <object>
    <name>dog</name>
    <truncated>0</truncated>
    <occluded>0</occluded>
    <difficult>0</difficult>
    <bndbox>
      <xmin>3.8</xmin>
      <ymin>20.29</ymin>
      <xmax>472.68</xmax>
      <ymax>275.82</ymax>
    </bndbox>
    <attributes>
      <attribute>
        <name>rotation</name>
        <value>0.0</value>
      </attribute>
    </attributes>
  </object>
</annotation>
