<annotation>
  <folder>Maine</folder>
  <filename>Maine_Coon_201.jpg</filename>
  <source>
    <database>Unknown</database>
    <annotation>Unknown</annotation>
    <image>Unknown</image>
  </source>
  <size>
    <width>333</width>
    <height>500</height>
    <depth></depth>
  </size>
  <segmented>0</segmented>
  <object>
    <name>cat</name>
    <truncated>0</truncated>
    <occluded>0</occluded>
    <difficult>0</difficult>
    <bndbox>
      <xmin>50.76</xmin>
      <ymin>31.52</ymin>
      <xmax>219.24</xmax>
      <ymax>196.2</ymax>
    </bndbox>
    <attributes>
      <attribute>
        <name>rotation</name>
        <value>0.0</value>
      </attribute>
    </attributes>
  </object>
</annotation>
