<annotation>
  <folder>shiba</folder>
  <filename>shiba_inu_128.jpg</filename>
  <source>
    <database>Unknown</database>
    <annotation>Unknown</annotation>
    <image>Unknown</image>
  </source>
  <size>
    <width>332</width>
    <height>500</height>
    <depth></depth>
  </size>
  <segmented>0</segmented>
  <object>
    <name>dog</name>
    <truncated>0</truncated>
    <occluded>0</occluded>
    <difficult>0</difficult>
    <bndbox>
      <xmin>81.74</xmin>
      <ymin>138.59</ymin>
      <xmax>139.89</xmax>
      <ymax>218.48</ymax>
    </bndbox>
    <attributes>
      <attribute>
        <name>rotation</name>
        <value>0.0</value>
      </attribute>
    </attributes>
  </object>
</annotation>
